index,date,state,fips,cases,deaths,state_code
0,2020-01-21,Washington,53,1,0,WA
1,2020-01-22,Washington,53,1,0,WA
2,2020-01-23,Washington,53,1,0,WA
3,2020-01-24,Illinois,17,1,0,IL
4,2020-01-24,Washington,53,1,0,WA
5,2020-01-25,California,6,1,0,CA
6,2020-01-25,Illinois,17,1,0,IL
7,2020-01-25,Washington,53,1,0,WA
8,2020-01-26,Arizona,4,1,0,AZ
9,2020-01-26,California,6,2,0,CA
10,2020-01-26,Illinois,17,1,0,IL
11,2020-01-26,Washington,53,1,0,WA
12,2020-01-27,Arizona,4,1,0,AZ
13,2020-01-27,California,6,2,0,CA
14,2020-01-27,Illinois,17,1,0,IL
15,2020-01-27,Washington,53,1,0,WA
16,2020-01-28,Arizona,4,1,0,AZ
17,2020-01-28,California,6,2,0,CA
18,2020-01-28,Illinois,17,1,0,IL
19,2020-01-28,Washington,53,1,0,WA
20,2020-01-29,Arizona,4,1,0,AZ
21,2020-01-29,California,6,2,0,CA
22,2020-01-29,Illinois,17,1,0,IL
23,2020-01-29,Washington,53,1,0,WA
24,2020-01-30,Arizona,4,1,0,AZ
25,2020-01-30,California,6,2,0,CA
26,2020-01-30,Illinois,17,2,0,IL
27,2020-01-30,Washington,53,1,0,WA
28,2020-01-31,Arizona,4,1,0,AZ
29,2020-01-31,California,6,3,0,CA
30,2020-01-31,Illinois,17,2,0,IL
31,2020-01-31,Washington,53,1,0,WA
32,2020-02-01,Arizona,4,1,0,AZ
33,2020-02-01,California,6,3,0,CA
34,2020-02-01,Illinois,17,2,0,IL
35,2020-02-01,Massachusetts,25,1,0,MA
36,2020-02-01,Washington,53,1,0,WA
37,2020-02-02,Arizona,4,1,0,AZ
38,2020-02-02,California,6,6,0,CA
39,2020-02-02,Illinois,17,2,0,IL
40,2020-02-02,Massachusetts,25,1,0,MA
41,2020-02-02,Washington,53,1,0,WA
42,2020-02-03,Arizona,4,1,0,AZ
43,2020-02-03,California,6,6,0,CA
44,2020-02-03,Illinois,17,2,0,IL
45,2020-02-03,Massachusetts,25,1,0,MA
46,2020-02-03,Washington,53,1,0,WA
47,2020-02-04,Arizona,4,1,0,AZ
48,2020-02-04,California,6,6,0,CA
49,2020-02-04,Illinois,17,2,0,IL
50,2020-02-04,Massachusetts,25,1,0,MA
51,2020-02-04,Washington,53,1,0,WA
52,2020-02-05,Arizona,4,1,0,AZ
53,2020-02-05,California,6,6,0,CA
54,2020-02-05,Illinois,17,2,0,IL
55,2020-02-05,Massachusetts,25,1,0,MA
56,2020-02-05,Washington,53,1,0,WA
57,2020-02-05,Wisconsin,55,1,0,WI
58,2020-02-06,Arizona,4,1,0,AZ
59,2020-02-06,California,6,6,0,CA
60,2020-02-06,Illinois,17,2,0,IL
61,2020-02-06,Massachusetts,25,1,0,MA
62,2020-02-06,Washington,53,1,0,WA
63,2020-02-06,Wisconsin,55,1,0,WI
64,2020-02-07,Arizona,4,1,0,AZ
65,2020-02-07,California,6,6,0,CA
66,2020-02-07,Illinois,17,2,0,IL
67,2020-02-07,Massachusetts,25,1,0,MA
68,2020-02-07,Washington,53,1,0,WA
69,2020-02-07,Wisconsin,55,1,0,WI
70,2020-02-08,Arizona,4,1,0,AZ
71,2020-02-08,California,6,6,0,CA
72,2020-02-08,Illinois,17,2,0,IL
73,2020-02-08,Massachusetts,25,1,0,MA
74,2020-02-08,Washington,53,1,0,WA
75,2020-02-08,Wisconsin,55,1,0,WI
76,2020-02-09,Arizona,4,1,0,AZ
77,2020-02-09,California,6,6,0,CA
78,2020-02-09,Illinois,17,2,0,IL
79,2020-02-09,Massachusetts,25,1,0,MA
80,2020-02-09,Washington,53,1,0,WA
81,2020-02-09,Wisconsin,55,1,0,WI
82,2020-02-10,Arizona,4,1,0,AZ
83,2020-02-10,California,6,7,0,CA
84,2020-02-10,Illinois,17,2,0,IL
85,2020-02-10,Massachusetts,25,1,0,MA
86,2020-02-10,Washington,53,1,0,WA
87,2020-02-10,Wisconsin,55,1,0,WI
88,2020-02-11,Arizona,4,1,0,AZ
89,2020-02-11,California,6,7,0,CA
90,2020-02-11,Illinois,17,2,0,IL
91,2020-02-11,Massachusetts,25,1,0,MA
92,2020-02-11,Washington,53,1,0,WA
93,2020-02-11,Wisconsin,55,1,0,WI
94,2020-02-12,Arizona,4,1,0,AZ
95,2020-02-12,California,6,7,0,CA
96,2020-02-12,Illinois,17,2,0,IL
97,2020-02-12,Massachusetts,25,1,0,MA
98,2020-02-12,Texas,48,1,0,TX
99,2020-02-12,Washington,53,1,0,WA
100,2020-02-12,Wisconsin,55,1,0,WI
101,2020-02-13,Arizona,4,1,0,AZ
102,2020-02-13,California,6,7,0,CA
103,2020-02-13,Illinois,17,2,0,IL
104,2020-02-13,Massachusetts,25,1,0,MA
105,2020-02-13,Texas,48,2,0,TX
106,2020-02-13,Washington,53,1,0,WA
107,2020-02-13,Wisconsin,55,1,0,WI
108,2020-02-14,Arizona,4,1,0,AZ
109,2020-02-14,California,6,7,0,CA
110,2020-02-14,Illinois,17,2,0,IL
111,2020-02-14,Massachusetts,25,1,0,MA
112,2020-02-14,Texas,48,2,0,TX
113,2020-02-14,Washington,53,1,0,WA
114,2020-02-14,Wisconsin,55,1,0,WI
115,2020-02-15,Arizona,4,1,0,AZ
116,2020-02-15,California,6,7,0,CA
117,2020-02-15,Illinois,17,2,0,IL
118,2020-02-15,Massachusetts,25,1,0,MA
119,2020-02-15,Texas,48,2,0,TX
120,2020-02-15,Washington,53,1,0,WA
121,2020-02-15,Wisconsin,55,1,0,WI
122,2020-02-16,Arizona,4,1,0,AZ
123,2020-02-16,California,6,7,0,CA
124,2020-02-16,Illinois,17,2,0,IL
125,2020-02-16,Massachusetts,25,1,0,MA
126,2020-02-16,Texas,48,2,0,TX
127,2020-02-16,Washington,53,1,0,WA
128,2020-02-16,Wisconsin,55,1,0,WI
129,2020-02-17,Arizona,4,1,0,AZ
130,2020-02-17,California,6,7,0,CA
131,2020-02-17,Illinois,17,2,0,IL
132,2020-02-17,Massachusetts,25,1,0,MA
133,2020-02-17,Nebraska,31,10,0,NE
134,2020-02-17,Texas,48,2,0,TX
135,2020-02-17,Washington,53,1,0,WA
136,2020-02-17,Wisconsin,55,1,0,WI
137,2020-02-18,Arizona,4,1,0,AZ
138,2020-02-18,California,6,7,0,CA
139,2020-02-18,Illinois,17,2,0,IL
140,2020-02-18,Massachusetts,25,1,0,MA
141,2020-02-18,Nebraska,31,10,0,NE
142,2020-02-18,Texas,48,2,0,TX
143,2020-02-18,Washington,53,1,0,WA
144,2020-02-18,Wisconsin,55,1,0,WI
145,2020-02-19,Arizona,4,1,0,AZ
146,2020-02-19,California,6,7,0,CA
147,2020-02-19,Illinois,17,2,0,IL
148,2020-02-19,Massachusetts,25,1,0,MA
149,2020-02-19,Nebraska,31,10,0,NE
150,2020-02-19,Texas,48,2,0,TX
151,2020-02-19,Washington,53,1,0,WA
152,2020-02-19,Wisconsin,55,1,0,WI
153,2020-02-20,Arizona,4,1,0,AZ
154,2020-02-20,California,6,8,0,CA
155,2020-02-20,Illinois,17,2,0,IL
156,2020-02-20,Massachusetts,25,1,0,MA
157,2020-02-20,Nebraska,31,11,0,NE
158,2020-02-20,Texas,48,2,0,TX
159,2020-02-20,Washington,53,1,0,WA
160,2020-02-20,Wisconsin,55,1,0,WI
161,2020-02-21,Arizona,4,1,0,AZ
162,2020-02-21,California,6,9,0,CA
163,2020-02-21,Illinois,17,2,0,IL
164,2020-02-21,Massachusetts,25,1,0,MA
165,2020-02-21,Nebraska,31,11,0,NE
166,2020-02-21,Texas,48,4,0,TX
167,2020-02-21,Washington,53,1,0,WA
168,2020-02-21,Wisconsin,55,1,0,WI
169,2020-02-22,Arizona,4,1,0,AZ
170,2020-02-22,California,6,9,0,CA
171,2020-02-22,Illinois,17,2,0,IL
172,2020-02-22,Massachusetts,25,1,0,MA
173,2020-02-22,Nebraska,31,11,0,NE
174,2020-02-22,Texas,48,4,0,TX
175,2020-02-22,Washington,53,1,0,WA
176,2020-02-22,Wisconsin,55,1,0,WI
177,2020-02-23,Arizona,4,1,0,AZ
178,2020-02-23,California,6,9,0,CA
179,2020-02-23,Illinois,17,2,0,IL
180,2020-02-23,Massachusetts,25,1,0,MA
181,2020-02-23,Nebraska,31,11,0,NE
182,2020-02-23,Texas,48,4,0,TX
183,2020-02-23,Washington,53,1,0,WA
184,2020-02-23,Wisconsin,55,1,0,WI
185,2020-02-24,Arizona,4,1,0,AZ
186,2020-02-24,California,6,11,0,CA
187,2020-02-24,Illinois,17,2,0,IL
188,2020-02-24,Massachusetts,25,1,0,MA
189,2020-02-24,Nebraska,31,12,0,NE
190,2020-02-24,Texas,48,10,0,TX
191,2020-02-24,Washington,53,5,0,WA
192,2020-02-24,Wisconsin,55,1,0,WI
193,2020-02-25,Arizona,4,1,0,AZ
194,2020-02-25,California,6,11,0,CA
195,2020-02-25,Illinois,17,2,0,IL
196,2020-02-25,Massachusetts,25,1,0,MA
197,2020-02-25,Nebraska,31,13,0,NE
198,2020-02-25,Texas,48,10,0,TX
199,2020-02-25,Utah,49,1,0,UT
200,2020-02-25,Washington,53,5,0,WA
201,2020-02-25,Wisconsin,55,1,0,WI
202,2020-02-26,Arizona,4,1,0,AZ
203,2020-02-26,California,6,26,0,CA
204,2020-02-26,Illinois,17,2,0,IL
205,2020-02-26,Massachusetts,25,1,0,MA
206,2020-02-26,Nebraska,31,13,0,NE
207,2020-02-26,Texas,48,10,0,TX
208,2020-02-26,Utah,49,1,0,UT
209,2020-02-26,Washington,53,5,0,WA
210,2020-02-26,Wisconsin,55,1,0,WI
211,2020-02-27,Arizona,4,1,0,AZ
212,2020-02-27,California,6,26,0,CA
213,2020-02-27,Illinois,17,2,0,IL
214,2020-02-27,Massachusetts,25,1,0,MA
215,2020-02-27,Nebraska,31,13,0,NE
216,2020-02-27,Texas,48,10,0,TX
217,2020-02-27,Utah,49,1,0,UT
218,2020-02-27,Washington,53,5,0,WA
219,2020-02-27,Wisconsin,55,1,0,WI
220,2020-02-28,Arizona,4,1,0,AZ
221,2020-02-28,California,6,27,0,CA
222,2020-02-28,Illinois,17,2,0,IL
223,2020-02-28,Massachusetts,25,1,0,MA
224,2020-02-28,Nebraska,31,13,0,NE
225,2020-02-28,Oregon,41,1,0,OR
226,2020-02-28,Texas,48,11,0,TX
227,2020-02-28,Utah,49,1,0,UT
228,2020-02-28,Washington,53,7,0,WA
229,2020-02-28,Wisconsin,55,1,0,WI
230,2020-02-29,Arizona,4,1,0,AZ
231,2020-02-29,California,6,28,0,CA
232,2020-02-29,Illinois,17,3,0,IL
233,2020-02-29,Massachusetts,25,1,0,MA
234,2020-02-29,Nebraska,31,13,0,NE
235,2020-02-29,Oregon,41,1,0,OR
236,2020-02-29,Texas,48,11,0,TX
237,2020-02-29,Utah,49,1,0,UT
238,2020-02-29,Washington,53,10,1,WA
239,2020-02-29,Wisconsin,55,1,0,WI
240,2020-03-01,Arizona,4,1,0,AZ
241,2020-03-01,California,6,33,0,CA
242,2020-03-01,Florida,12,2,0,FL
243,2020-03-01,Illinois,17,3,0,IL
244,2020-03-01,Massachusetts,25,1,0,MA
245,2020-03-01,Nebraska,31,13,0,NE
246,2020-03-01,New York,36,1,0,NY
247,2020-03-01,Oregon,41,2,0,OR
248,2020-03-01,Rhode Island,44,2,0,RI
249,2020-03-01,Texas,48,11,0,TX
250,2020-03-01,Utah,49,1,0,UT
251,2020-03-01,Washington,53,17,3,WA
252,2020-03-01,Wisconsin,55,1,0,WI
253,2020-03-02,Arizona,4,1,0,AZ
254,2020-03-02,California,6,38,0,CA
255,2020-03-02,Florida,12,2,0,FL
256,2020-03-02,Georgia,13,2,0,GA
257,2020-03-02,Illinois,17,4,0,IL
258,2020-03-02,Massachusetts,25,2,0,MA
259,2020-03-02,Nebraska,31,13,0,NE
260,2020-03-02,New Hampshire,33,1,0,NH
261,2020-03-02,New York,36,1,0,NY
262,2020-03-02,Oregon,41,2,0,OR
263,2020-03-02,Rhode Island,44,2,0,RI
264,2020-03-02,Texas,48,11,0,TX
265,2020-03-02,Utah,49,1,0,UT
266,2020-03-02,Washington,53,23,6,WA
267,2020-03-02,Wisconsin,55,1,0,WI
268,2020-03-03,Arizona,4,2,0,AZ
269,2020-03-03,California,6,45,0,CA
270,2020-03-03,Florida,12,3,0,FL
271,2020-03-03,Georgia,13,2,0,GA
272,2020-03-03,Illinois,17,4,0,IL
273,2020-03-03,Massachusetts,25,2,0,MA
274,2020-03-03,Nebraska,31,13,0,NE
275,2020-03-03,New Hampshire,33,2,0,NH
276,2020-03-03,New York,36,2,0,NY
277,2020-03-03,North Carolina,37,1,0,NC
278,2020-03-03,Oregon,41,2,0,OR
279,2020-03-03,Rhode Island,44,2,0,RI
280,2020-03-03,Texas,48,11,0,TX
281,2020-03-03,Utah,49,1,0,UT
282,2020-03-03,Washington,53,32,10,WA
283,2020-03-03,Wisconsin,55,1,0,WI
284,2020-03-04,Arizona,4,2,0,AZ
285,2020-03-04,California,6,55,1,CA
286,2020-03-04,Florida,12,3,0,FL
287,2020-03-04,Georgia,13,2,0,GA
288,2020-03-04,Illinois,17,4,0,IL
289,2020-03-04,Massachusetts,25,2,0,MA
290,2020-03-04,Nebraska,31,13,0,NE
291,2020-03-04,New Hampshire,33,2,0,NH
292,2020-03-04,New Jersey,34,1,0,NJ
293,2020-03-04,New York,36,11,0,NY
294,2020-03-04,North Carolina,37,1,0,NC
295,2020-03-04,Oregon,41,2,0,OR
296,2020-03-04,Rhode Island,44,2,0,RI
297,2020-03-04,Texas,48,12,0,TX
298,2020-03-04,Utah,49,1,0,UT
299,2020-03-04,Washington,53,47,11,WA
300,2020-03-04,Wisconsin,55,1,0,WI
301,2020-03-05,Arizona,4,2,0,AZ
302,2020-03-05,California,6,67,1,CA
303,2020-03-05,Colorado,8,2,0,CO
304,2020-03-05,Florida,12,4,0,FL
305,2020-03-05,Georgia,13,2,0,GA
306,2020-03-05,Illinois,17,5,0,IL
307,2020-03-05,Maryland,24,3,0,MD
308,2020-03-05,Massachusetts,25,3,0,MA
309,2020-03-05,Nebraska,31,13,0,NE
310,2020-03-05,Nevada,32,2,0,NV
311,2020-03-05,New Hampshire,33,2,0,NH
312,2020-03-05,New Jersey,34,2,0,NJ
313,2020-03-05,New York,36,22,0,NY
314,2020-03-05,North Carolina,37,1,0,NC
315,2020-03-05,Oregon,41,2,0,OR
316,2020-03-05,Rhode Island,44,2,0,RI
317,2020-03-05,Tennessee,47,1,0,TN
318,2020-03-05,Texas,48,16,0,TX
319,2020-03-05,Utah,49,1,0,UT
320,2020-03-05,Washington,53,75,11,WA
321,2020-03-05,Wisconsin,55,1,0,WI
322,2020-03-06,Arizona,4,3,0,AZ
323,2020-03-06,California,6,81,1,CA
324,2020-03-06,Colorado,8,8,0,CO
325,2020-03-06,Florida,12,7,2,FL
326,2020-03-06,Georgia,13,3,0,GA
327,2020-03-06,Hawaii,15,1,0,HI
328,2020-03-06,Illinois,17,6,0,IL
329,2020-03-06,Indiana,18,1,0,IN
330,2020-03-06,Kentucky,21,1,0,KY
331,2020-03-06,Maryland,24,3,0,MD
332,2020-03-06,Massachusetts,25,8,0,MA
333,2020-03-06,Minnesota,27,1,0,MN
334,2020-03-06,Nebraska,31,14,0,NE
335,2020-03-06,Nevada,32,2,0,NV
336,2020-03-06,New Hampshire,33,2,0,NH
337,2020-03-06,New Jersey,34,4,0,NJ
338,2020-03-06,New York,36,44,0,NY
339,2020-03-06,North Carolina,37,2,0,NC
340,2020-03-06,Oklahoma,40,1,0,OK
341,2020-03-06,Oregon,41,2,0,OR
342,2020-03-06,Pennsylvania,42,2,0,PA
343,2020-03-06,Rhode Island,44,3,0,RI
344,2020-03-06,South Carolina,45,2,0,SC
345,2020-03-06,Tennessee,47,1,0,TN
346,2020-03-06,Texas,48,19,0,TX
347,2020-03-06,Utah,49,3,0,UT
348,2020-03-06,Washington,53,86,12,WA
349,2020-03-06,Wisconsin,55,1,0,WI
350,2020-03-07,Arizona,4,5,0,AZ
351,2020-03-07,California,6,100,1,CA
352,2020-03-07,Colorado,8,8,0,CO
353,2020-03-07,District of Columbia,11,1,0,DC
354,2020-03-07,Florida,12,12,2,FL
355,2020-03-07,Georgia,13,7,0,GA
356,2020-03-07,Hawaii,15,1,0,HI
357,2020-03-07,Illinois,17,6,0,IL
358,2020-03-07,Indiana,18,1,0,IN
359,2020-03-07,Kansas,20,1,0,KS
360,2020-03-07,Kentucky,21,1,0,KY
361,2020-03-07,Maryland,24,3,0,MD
362,2020-03-07,Massachusetts,25,13,0,MA
363,2020-03-07,Minnesota,27,1,0,MN
364,2020-03-07,Missouri,29,1,0,MO
365,2020-03-07,Nebraska,31,14,0,NE
366,2020-03-07,Nevada,32,2,0,NV
367,2020-03-07,New Hampshire,33,4,0,NH
368,2020-03-07,New Jersey,34,4,0,NJ
369,2020-03-07,New York,36,89,0,NY
370,2020-03-07,North Carolina,37,2,0,NC
371,2020-03-07,Oklahoma,40,1,0,OK
372,2020-03-07,Oregon,41,6,0,OR
373,2020-03-07,Pennsylvania,42,4,0,PA
374,2020-03-07,Rhode Island,44,3,0,RI
375,2020-03-07,South Carolina,45,2,0,SC
376,2020-03-07,Tennessee,47,1,0,TN
377,2020-03-07,Texas,48,19,0,TX
378,2020-03-07,Utah,49,3,0,UT
379,2020-03-07,Vermont,50,1,0,VT
380,2020-03-07,Virginia,51,1,0,VA
381,2020-03-07,Washington,53,110,16,WA
382,2020-03-07,Wisconsin,55,1,0,WI
383,2020-03-08,Arizona,4,5,0,AZ
384,2020-03-08,California,6,112,1,CA
385,2020-03-08,Colorado,8,8,0,CO
386,2020-03-08,Connecticut,9,1,0,CT
387,2020-03-08,District of Columbia,11,1,0,DC
388,2020-03-08,Florida,12,13,2,FL
389,2020-03-08,Georgia,13,11,0,GA
390,2020-03-08,Hawaii,15,2,0,HI
391,2020-03-08,Illinois,17,7,0,IL
392,2020-03-08,Indiana,18,2,0,IN
393,2020-03-08,Iowa,19,3,0,IA
394,2020-03-08,Kansas,20,1,0,KS
395,2020-03-08,Kentucky,21,4,0,KY
396,2020-03-08,Maryland,24,5,0,MD
397,2020-03-08,Massachusetts,25,28,0,MA
398,2020-03-08,Minnesota,27,2,0,MN
399,2020-03-08,Missouri,29,1,0,MO
400,2020-03-08,Nebraska,31,16,0,NE
401,2020-03-08,Nevada,32,4,0,NV
402,2020-03-08,New Hampshire,33,4,0,NH
403,2020-03-08,New Jersey,34,6,0,NJ
404,2020-03-08,New York,36,106,0,NY
405,2020-03-08,North Carolina,37,2,0,NC
406,2020-03-08,Oklahoma,40,1,0,OK
407,2020-03-08,Oregon,41,13,0,OR
408,2020-03-08,Pennsylvania,42,6,0,PA
409,2020-03-08,Rhode Island,44,3,0,RI
410,2020-03-08,South Carolina,45,6,0,SC
411,2020-03-08,Tennessee,47,3,0,TN
412,2020-03-08,Texas,48,23,0,TX
413,2020-03-08,Utah,49,3,0,UT
414,2020-03-08,Vermont,50,1,0,VT
415,2020-03-08,Virginia,51,2,0,VA
416,2020-03-08,Washington,53,141,19,WA
417,2020-03-08,Wisconsin,55,1,0,WI
418,2020-03-09,Arizona,4,6,0,AZ
419,2020-03-09,California,6,172,2,CA
420,2020-03-09,Colorado,8,12,0,CO
421,2020-03-09,Connecticut,9,2,0,CT
422,2020-03-09,District of Columbia,11,4,0,DC
423,2020-03-09,Florida,12,14,2,FL
424,2020-03-09,Georgia,13,17,0,GA
425,2020-03-09,Hawaii,15,2,0,HI
426,2020-03-09,Illinois,17,11,0,IL
427,2020-03-09,Indiana,18,4,0,IN
428,2020-03-09,Iowa,19,8,0,IA
429,2020-03-09,Kansas,20,1,0,KS
430,2020-03-09,Kentucky,21,5,0,KY
431,2020-03-09,Louisiana,22,1,0,LA
432,2020-03-09,Maryland,24,6,0,MD
433,2020-03-09,Massachusetts,25,41,0,MA
434,2020-03-09,Minnesota,27,2,0,MN
435,2020-03-09,Missouri,29,1,0,MO
436,2020-03-09,Nebraska,31,16,0,NE
437,2020-03-09,Nevada,32,4,0,NV
438,2020-03-09,New Hampshire,33,4,0,NH
439,2020-03-09,New Jersey,34,11,0,NJ
440,2020-03-09,New York,36,142,0,NY
441,2020-03-09,North Carolina,37,7,0,NC
442,2020-03-09,Ohio,39,3,0,OH
443,2020-03-09,Oklahoma,40,1,0,OK
444,2020-03-09,Oregon,41,13,0,OR
445,2020-03-09,Pennsylvania,42,10,0,PA
446,2020-03-09,Rhode Island,44,3,0,RI
447,2020-03-09,South Carolina,45,7,0,SC
448,2020-03-09,Tennessee,47,4,0,TN
449,2020-03-09,Texas,48,24,0,TX
450,2020-03-09,Utah,49,3,0,UT
451,2020-03-09,Vermont,50,1,0,VT
452,2020-03-09,Virginia,51,5,0,VA
453,2020-03-09,Washington,53,179,22,WA
454,2020-03-09,Wisconsin,55,2,0,WI
455,2020-03-10,Arizona,4,6,0,AZ
456,2020-03-10,California,6,179,3,CA
457,2020-03-10,Colorado,8,17,0,CO
458,2020-03-10,Connecticut,9,2,0,CT
459,2020-03-10,District of Columbia,11,4,0,DC
460,2020-03-10,Florida,12,23,2,FL
461,2020-03-10,Georgia,13,22,0,GA
462,2020-03-10,Hawaii,15,2,0,HI
463,2020-03-10,Illinois,17,19,0,IL
464,2020-03-10,Indiana,18,6,0,IN
465,2020-03-10,Iowa,19,13,0,IA
466,2020-03-10,Kansas,20,1,0,KS
467,2020-03-10,Kentucky,21,7,0,KY
468,2020-03-10,Louisiana,22,6,0,LA
469,2020-03-10,Maryland,24,9,0,MD
470,2020-03-10,Massachusetts,25,92,0,MA
471,2020-03-10,Michigan,26,2,0,MI
472,2020-03-10,Minnesota,27,3,0,MN
473,2020-03-10,Missouri,29,1,0,MO
474,2020-03-10,Nebraska,31,17,0,NE
475,2020-03-10,Nevada,32,4,0,NV
476,2020-03-10,New Hampshire,33,5,0,NH
477,2020-03-10,New Jersey,34,15,1,NJ
478,2020-03-10,New York,36,173,0,NY
479,2020-03-10,North Carolina,37,7,0,NC
480,2020-03-10,Ohio,39,3,0,OH
481,2020-03-10,Oklahoma,40,2,0,OK
482,2020-03-10,Oregon,41,14,0,OR
483,2020-03-10,Pennsylvania,42,12,0,PA
484,2020-03-10,Rhode Island,44,5,0,RI
485,2020-03-10,South Carolina,45,9,0,SC
486,2020-03-10,South Dakota,46,5,1,SD
487,2020-03-10,Tennessee,47,7,0,TN
488,2020-03-10,Texas,48,31,0,TX
489,2020-03-10,Utah,49,4,0,UT
490,2020-03-10,Vermont,50,1,0,VT
491,2020-03-10,Virginia,51,8,0,VA
492,2020-03-10,Washington,53,279,24,WA
493,2020-03-10,Wisconsin,55,3,0,WI
494,2020-03-11,Arizona,4,9,0,AZ
495,2020-03-11,Arkansas,5,1,0,AR
496,2020-03-11,California,6,202,4,CA
497,2020-03-11,Colorado,8,34,0,CO
498,2020-03-11,Connecticut,9,3,0,CT
499,2020-03-11,Delaware,10,1,0,DE
500,2020-03-11,District of Columbia,11,10,0,DC
501,2020-03-11,Florida,12,26,2,FL
502,2020-03-11,Georgia,13,31,0,GA
503,2020-03-11,Hawaii,15,2,0,HI
504,2020-03-11,Illinois,17,25,0,IL
505,2020-03-11,Indiana,18,11,0,IN
506,2020-03-11,Iowa,19,14,0,IA
507,2020-03-11,Kansas,20,1,0,KS
508,2020-03-11,Kentucky,21,7,0,KY
509,2020-03-11,Louisiana,22,13,0,LA
510,2020-03-11,Maryland,24,13,0,MD
511,2020-03-11,Massachusetts,25,95,0,MA
512,2020-03-11,Michigan,26,2,0,MI
513,2020-03-11,Minnesota,27,5,0,MN
514,2020-03-11,Mississippi,28,1,0,MS
515,2020-03-11,Missouri,29,1,0,MO
516,2020-03-11,Nebraska,31,23,0,NE
517,2020-03-11,Nevada,32,7,0,NV
518,2020-03-11,New Hampshire,33,5,0,NH
519,2020-03-11,New Jersey,34,23,1,NJ
520,2020-03-11,New Mexico,35,4,0,NM
521,2020-03-11,New York,36,217,0,NY
522,2020-03-11,North Carolina,37,8,0,NC
523,2020-03-11,North Dakota,38,1,0,ND
524,2020-03-11,Ohio,39,4,0,OH
525,2020-03-11,Oklahoma,40,2,0,OK
526,2020-03-11,Oregon,41,20,0,OR
527,2020-03-11,Pennsylvania,42,16,0,PA
528,2020-03-11,Rhode Island,44,5,0,RI
529,2020-03-11,South Carolina,45,10,0,SC
530,2020-03-11,South Dakota,46,8,1,SD
531,2020-03-11,Tennessee,47,8,0,TN
532,2020-03-11,Texas,48,33,0,TX
533,2020-03-11,Utah,49,5,0,UT
534,2020-03-11,Vermont,50,2,0,VT
535,2020-03-11,Virginia,51,10,0,VA
536,2020-03-11,Washington,53,338,29,WA
537,2020-03-11,Wisconsin,55,6,0,WI
538,2020-03-11,Wyoming,56,1,0,WY
539,2020-03-12,Alaska,2,1,0,AK
540,2020-03-12,Arizona,4,9,0,AZ
541,2020-03-12,Arkansas,5,6,0,AR
542,2020-03-12,California,6,252,4,CA
543,2020-03-12,Colorado,8,49,1,CO
544,2020-03-12,Connecticut,9,6,0,CT
545,2020-03-12,Delaware,10,4,0,DE
546,2020-03-12,District of Columbia,11,10,0,DC
547,2020-03-12,Florida,12,46,2,FL
548,2020-03-12,Georgia,13,31,1,GA
549,2020-03-12,Hawaii,15,2,0,HI
550,2020-03-12,Illinois,17,32,0,IL
551,2020-03-12,Indiana,18,12,0,IN
552,2020-03-12,Iowa,19,16,0,IA
553,2020-03-12,Kansas,20,5,1,KS
554,2020-03-12,Kentucky,21,11,0,KY
555,2020-03-12,Louisiana,22,14,0,LA
556,2020-03-12,Maine,23,1,0,ME
557,2020-03-12,Maryland,24,13,0,MD
558,2020-03-12,Massachusetts,25,108,0,MA
559,2020-03-12,Michigan,26,12,0,MI
560,2020-03-12,Minnesota,27,9,0,MN
561,2020-03-12,Mississippi,28,1,0,MS
562,2020-03-12,Missouri,29,2,0,MO
563,2020-03-12,Nebraska,31,24,0,NE
564,2020-03-12,Nevada,32,11,0,NV
565,2020-03-12,New Hampshire,33,6,0,NH
566,2020-03-12,New Jersey,34,29,1,NJ
567,2020-03-12,New Mexico,35,6,0,NM
568,2020-03-12,New York,36,326,0,NY
569,2020-03-12,North Carolina,37,16,0,NC
570,2020-03-12,North Dakota,38,1,0,ND
571,2020-03-12,Ohio,39,5,0,OH
572,2020-03-12,Oklahoma,40,2,0,OK
573,2020-03-12,Oregon,41,30,0,OR
574,2020-03-12,Pennsylvania,42,22,0,PA
575,2020-03-12,Rhode Island,44,5,0,RI
576,2020-03-12,South Carolina,45,12,0,SC
577,2020-03-12,South Dakota,46,8,1,SD
578,2020-03-12,Tennessee,47,18,0,TN
579,2020-03-12,Texas,48,41,0,TX
580,2020-03-12,Utah,49,7,0,UT
581,2020-03-12,Vermont,50,2,0,VT
582,2020-03-12,Virginia,51,17,0,VA
583,2020-03-12,Washington,53,419,32,WA
584,2020-03-12,Wisconsin,55,8,0,WI
585,2020-03-12,Wyoming,56,1,0,WY
586,2020-03-13,Alabama,1,6,0,AL
587,2020-03-13,Alaska,2,1,0,AK
588,2020-03-13,Arizona,4,9,0,AZ
589,2020-03-13,Arkansas,5,7,0,AR
590,2020-03-13,California,6,320,5,CA
591,2020-03-13,Colorado,8,78,2,CO
592,2020-03-13,Connecticut,9,11,0,CT
593,2020-03-13,Delaware,10,4,0,DE
594,2020-03-13,District of Columbia,11,10,0,DC
595,2020-03-13,Florida,12,70,2,FL
596,2020-03-13,Georgia,13,41,1,GA
597,2020-03-13,Hawaii,15,2,0,HI
598,2020-03-13,Idaho,16,1,0,ID
599,2020-03-13,Illinois,17,46,0,IL
600,2020-03-13,Indiana,18,12,0,IN
601,2020-03-13,Iowa,19,17,0,IA
602,2020-03-13,Kansas,20,6,1,KS
603,2020-03-13,Kentucky,21,11,0,KY
604,2020-03-13,Louisiana,22,36,0,LA
605,2020-03-13,Maine,23,2,0,ME
606,2020-03-13,Maryland,24,18,0,MD
607,2020-03-13,Massachusetts,25,123,0,MA
608,2020-03-13,Michigan,26,25,0,MI
609,2020-03-13,Minnesota,27,14,0,MN
610,2020-03-13,Mississippi,28,6,0,MS
611,2020-03-13,Missouri,29,4,0,MO
612,2020-03-13,Montana,30,4,0,MT
613,2020-03-13,Nebraska,31,27,0,NE
614,2020-03-13,Nevada,32,19,0,NV
615,2020-03-13,New Hampshire,33,7,0,NH
616,2020-03-13,New Jersey,34,50,1,NJ
617,2020-03-13,New Mexico,35,10,0,NM
618,2020-03-13,New York,36,421,0,NY
619,2020-03-13,North Carolina,37,18,0,NC
620,2020-03-13,North Dakota,38,1,0,ND
621,2020-03-13,Ohio,39,13,0,OH
622,2020-03-13,Oklahoma,40,3,0,OK
623,2020-03-13,Oregon,41,30,0,OR
624,2020-03-13,Pennsylvania,42,41,0,PA
626,2020-03-13,Rhode Island,44,20,0,RI
627,2020-03-13,South Carolina,45,13,0,SC
628,2020-03-13,South Dakota,46,9,1,SD
629,2020-03-13,Tennessee,47,26,0,TN
630,2020-03-13,Texas,48,58,0,TX
631,2020-03-13,Utah,49,7,0,UT
632,2020-03-13,Vermont,50,2,0,VT
633,2020-03-13,Virginia,51,30,0,VA
634,2020-03-13,Washington,53,511,37,WA
635,2020-03-13,Wisconsin,55,19,0,WI
636,2020-03-13,Wyoming,56,2,0,WY
637,2020-03-14,Alabama,1,12,0,AL
638,2020-03-14,Alaska,2,1,0,AK
639,2020-03-14,Arizona,4,12,0,AZ
640,2020-03-14,Arkansas,5,9,0,AR
641,2020-03-14,California,6,381,5,CA
642,2020-03-14,Colorado,8,103,2,CO
643,2020-03-14,Connecticut,9,20,0,CT
644,2020-03-14,Delaware,10,4,0,DE
645,2020-03-14,District of Columbia,11,16,0,DC
646,2020-03-14,Florida,12,70,3,FL
647,2020-03-14,Georgia,13,65,1,GA
648,2020-03-14,Hawaii,15,4,0,HI
649,2020-03-14,Idaho,16,5,0,ID
650,2020-03-14,Illinois,17,66,0,IL
651,2020-03-14,Indiana,18,15,0,IN
652,2020-03-14,Iowa,19,18,0,IA
653,2020-03-14,Kansas,20,8,1,KS
654,2020-03-14,Kentucky,21,18,0,KY
655,2020-03-14,Louisiana,22,77,1,LA
656,2020-03-14,Maine,23,3,0,ME
657,2020-03-14,Maryland,24,27,0,MD
658,2020-03-14,Massachusetts,25,138,0,MA
659,2020-03-14,Michigan,26,33,0,MI
660,2020-03-14,Minnesota,27,21,0,MN
661,2020-03-14,Mississippi,28,6,0,MS
662,2020-03-14,Missouri,29,5,0,MO
663,2020-03-14,Montana,30,6,0,MT
664,2020-03-14,Nebraska,31,29,0,NE
665,2020-03-14,Nevada,32,21,0,NV
666,2020-03-14,New Hampshire,33,7,0,NH
667,2020-03-14,New Jersey,34,75,2,NJ
668,2020-03-14,New Mexico,35,13,0,NM
669,2020-03-14,New York,36,610,2,NY
670,2020-03-14,North Carolina,37,25,0,NC
671,2020-03-14,North Dakota,38,1,0,ND
672,2020-03-14,Ohio,39,26,0,OH
673,2020-03-14,Oklahoma,40,4,0,OK
674,2020-03-14,Oregon,41,36,1,OR
675,2020-03-14,Pennsylvania,42,47,0,PA
677,2020-03-14,Rhode Island,44,20,0,RI
678,2020-03-14,South Carolina,45,19,0,SC
679,2020-03-14,South Dakota,46,9,1,SD
680,2020-03-14,Tennessee,47,32,0,TN
681,2020-03-14,Texas,48,69,0,TX
682,2020-03-14,Utah,49,21,0,UT
683,2020-03-14,Vermont,50,5,0,VT
685,2020-03-14,Virginia,51,42,1,VA
686,2020-03-14,Washington,53,609,40,WA
687,2020-03-14,Wisconsin,55,27,0,WI
688,2020-03-14,Wyoming,56,3,0,WY
689,2020-03-15,Alabama,1,23,0,AL
690,2020-03-15,Alaska,2,1,0,AK
691,2020-03-15,Arizona,4,13,0,AZ
692,2020-03-15,Arkansas,5,16,0,AR
693,2020-03-15,California,6,478,6,CA
694,2020-03-15,Colorado,8,136,2,CO
695,2020-03-15,Connecticut,9,26,0,CT
696,2020-03-15,Delaware,10,7,0,DE
697,2020-03-15,District of Columbia,11,17,0,DC
698,2020-03-15,Florida,12,109,3,FL
699,2020-03-15,Georgia,13,97,1,GA
701,2020-03-15,Hawaii,15,7,0,HI
702,2020-03-15,Idaho,16,5,0,ID
703,2020-03-15,Illinois,17,94,0,IL
704,2020-03-15,Indiana,18,19,0,IN
705,2020-03-15,Iowa,19,22,0,IA
706,2020-03-15,Kansas,20,9,1,KS
707,2020-03-15,Kentucky,21,21,0,KY
708,2020-03-15,Louisiana,22,103,2,LA
709,2020-03-15,Maine,23,12,0,ME
710,2020-03-15,Maryland,24,32,0,MD
711,2020-03-15,Massachusetts,25,164,0,MA
712,2020-03-15,Michigan,26,53,0,MI
713,2020-03-15,Minnesota,27,35,0,MN
714,2020-03-15,Mississippi,28,10,0,MS
715,2020-03-15,Missouri,29,5,0,MO
716,2020-03-15,Montana,30,6,0,MT
717,2020-03-15,Nebraska,31,31,0,NE
718,2020-03-15,Nevada,32,26,0,NV
719,2020-03-15,New Hampshire,33,13,0,NH
720,2020-03-15,New Jersey,34,98,2,NJ
721,2020-03-15,New Mexico,35,17,0,NM
722,2020-03-15,New York,36,732,6,NY
723,2020-03-15,North Carolina,37,32,0,NC
724,2020-03-15,North Dakota,38,1,0,ND
725,2020-03-15,Ohio,39,37,0,OH
726,2020-03-15,Oklahoma,40,8,0,OK
727,2020-03-15,Oregon,41,39,1,OR
728,2020-03-15,Pennsylvania,42,68,0,PA
730,2020-03-15,Rhode Island,44,20,0,RI
731,2020-03-15,South Carolina,45,28,0,SC
732,2020-03-15,South Dakota,46,9,1,SD
733,2020-03-15,Tennessee,47,39,0,TN
734,2020-03-15,Texas,48,80,0,TX
735,2020-03-15,Utah,49,29,0,UT
736,2020-03-15,Vermont,50,8,0,VT
738,2020-03-15,Virginia,51,45,1,VA
739,2020-03-15,Washington,53,675,42,WA
740,2020-03-15,Wisconsin,55,33,0,WI
741,2020-03-15,Wyoming,56,3,0,WY
742,2020-03-16,Alabama,1,29,0,AL
743,2020-03-16,Alaska,2,3,0,AK
744,2020-03-16,Arizona,4,18,0,AZ
745,2020-03-16,Arkansas,5,22,0,AR
746,2020-03-16,California,6,588,11,CA
747,2020-03-16,Colorado,8,161,2,CO
748,2020-03-16,Connecticut,9,41,0,CT
749,2020-03-16,Delaware,10,8,0,DE
750,2020-03-16,District of Columbia,11,22,0,DC
751,2020-03-16,Florida,12,141,4,FL
752,2020-03-16,Georgia,13,118,1,GA
754,2020-03-16,Hawaii,15,10,0,HI
755,2020-03-16,Idaho,16,5,0,ID
756,2020-03-16,Illinois,17,104,0,IL
757,2020-03-16,Indiana,18,24,1,IN
758,2020-03-16,Iowa,19,22,0,IA
759,2020-03-16,Kansas,20,11,1,KS
760,2020-03-16,Kentucky,21,22,1,KY
761,2020-03-16,Louisiana,22,137,3,LA
762,2020-03-16,Maine,23,17,0,ME
763,2020-03-16,Maryland,24,39,0,MD
764,2020-03-16,Massachusetts,25,197,0,MA
765,2020-03-16,Michigan,26,54,0,MI
766,2020-03-16,Minnesota,27,54,0,MN
767,2020-03-16,Mississippi,28,12,0,MS
768,2020-03-16,Missouri,29,9,0,MO
769,2020-03-16,Montana,30,8,0,MT
770,2020-03-16,Nebraska,31,33,0,NE
771,2020-03-16,Nevada,32,45,1,NV
772,2020-03-16,New Hampshire,33,17,0,NH
773,2020-03-16,New Jersey,34,176,3,NJ
774,2020-03-16,New Mexico,35,21,0,NM
775,2020-03-16,New York,36,950,10,NY
776,2020-03-16,North Carolina,37,34,0,NC
777,2020-03-16,North Dakota,38,1,0,ND
778,2020-03-16,Ohio,39,50,0,OH
779,2020-03-16,Oklahoma,40,10,0,OK
780,2020-03-16,Oregon,41,46,1,OR
781,2020-03-16,Pennsylvania,42,81,0,PA
783,2020-03-16,Rhode Island,44,21,0,RI
784,2020-03-16,South Carolina,45,33,1,SC
785,2020-03-16,South Dakota,46,10,1,SD
786,2020-03-16,Tennessee,47,52,0,TN
787,2020-03-16,Texas,48,87,1,TX
788,2020-03-16,Utah,49,40,0,UT
789,2020-03-16,Vermont,50,12,0,VT
791,2020-03-16,Virginia,51,51,1,VA
792,2020-03-16,Washington,53,794,48,WA
793,2020-03-16,Wisconsin,55,47,0,WI
794,2020-03-16,Wyoming,56,10,0,WY
795,2020-03-17,Alabama,1,39,0,AL
796,2020-03-17,Alaska,2,6,0,AK
797,2020-03-17,Arizona,4,20,0,AZ
798,2020-03-17,Arkansas,5,22,0,AR
799,2020-03-17,California,6,732,14,CA
800,2020-03-17,Colorado,8,183,3,CO
801,2020-03-17,Connecticut,9,68,0,CT
802,2020-03-17,Delaware,10,16,0,DE
803,2020-03-17,District of Columbia,11,31,0,DC
804,2020-03-17,Florida,12,210,6,FL
805,2020-03-17,Georgia,13,142,1,GA
807,2020-03-17,Hawaii,15,14,0,HI
808,2020-03-17,Idaho,16,9,0,ID
809,2020-03-17,Illinois,17,159,1,IL
810,2020-03-17,Indiana,18,30,2,IN
811,2020-03-17,Iowa,19,29,0,IA
812,2020-03-17,Kansas,20,17,1,KS
813,2020-03-17,Kentucky,21,26,1,KY
814,2020-03-17,Louisiana,22,196,5,LA
815,2020-03-17,Maine,23,32,0,ME
816,2020-03-17,Maryland,24,57,0,MD
817,2020-03-17,Massachusetts,25,218,0,MA
818,2020-03-17,Michigan,26,65,0,MI
819,2020-03-17,Minnesota,27,60,0,MN
820,2020-03-17,Mississippi,28,21,0,MS
821,2020-03-17,Missouri,29,16,0,MO
822,2020-03-17,Montana,30,8,0,MT
823,2020-03-17,Nebraska,31,36,0,NE
824,2020-03-17,Nevada,32,55,1,NV
825,2020-03-17,New Hampshire,33,26,0,NH
826,2020-03-17,New Jersey,34,268,3,NJ
827,2020-03-17,New Mexico,35,23,0,NM
828,2020-03-17,New York,36,1375,18,NY
829,2020-03-17,North Carolina,37,42,0,NC
830,2020-03-17,North Dakota,38,5,0,ND
831,2020-03-17,Ohio,39,67,0,OH
832,2020-03-17,Oklahoma,40,18,0,OK
833,2020-03-17,Oregon,41,66,2,OR
834,2020-03-17,Pennsylvania,42,101,0,PA
836,2020-03-17,Rhode Island,44,23,0,RI
837,2020-03-17,South Carolina,45,47,1,SC
838,2020-03-17,South Dakota,46,11,1,SD
839,2020-03-17,Tennessee,47,73,0,TN
840,2020-03-17,Texas,48,106,1,TX
841,2020-03-17,Utah,49,51,0,UT
842,2020-03-17,Vermont,50,14,0,VT
844,2020-03-17,Virginia,51,67,2,VA
845,2020-03-17,Washington,53,908,54,WA
846,2020-03-17,West Virginia,54,1,0,WV
847,2020-03-17,Wisconsin,55,72,0,WI
848,2020-03-17,Wyoming,56,15,0,WY
849,2020-03-18,Alabama,1,51,0,AL
850,2020-03-18,Alaska,2,9,0,AK
851,2020-03-18,Arizona,4,28,0,AZ
852,2020-03-18,Arkansas,5,33,0,AR
853,2020-03-18,California,6,893,17,CA
854,2020-03-18,Colorado,8,216,3,CO
855,2020-03-18,Connecticut,9,96,1,CT
856,2020-03-18,Delaware,10,26,0,DE
857,2020-03-18,District of Columbia,11,36,0,DC
858,2020-03-18,Florida,12,326,7,FL
859,2020-03-18,Georgia,13,193,3,GA
861,2020-03-18,Hawaii,15,16,0,HI
862,2020-03-18,Idaho,16,11,0,ID
863,2020-03-18,Illinois,17,286,1,IL
864,2020-03-18,Indiana,18,39,2,IN
865,2020-03-18,Iowa,19,38,0,IA
866,2020-03-18,Kansas,20,22,1,KS
867,2020-03-18,Kentucky,21,35,1,KY
868,2020-03-18,Louisiana,22,280,7,LA
869,2020-03-18,Maine,23,43,0,ME
870,2020-03-18,Maryland,24,85,1,MD
871,2020-03-18,Massachusetts,25,256,0,MA
872,2020-03-18,Michigan,26,80,1,MI
873,2020-03-18,Minnesota,27,77,0,MN
874,2020-03-18,Mississippi,28,34,0,MS
875,2020-03-18,Missouri,29,21,1,MO
876,2020-03-18,Montana,30,12,0,MT
877,2020-03-18,Nebraska,31,43,0,NE
878,2020-03-18,Nevada,32,82,1,NV
879,2020-03-18,New Hampshire,33,39,0,NH
880,2020-03-18,New Jersey,34,427,5,NJ
881,2020-03-18,New Mexico,35,28,0,NM
882,2020-03-18,New York,36,2387,32,NY
883,2020-03-18,North Carolina,37,66,0,NC
884,2020-03-18,North Dakota,38,7,0,ND
885,2020-03-18,Ohio,39,90,0,OH
886,2020-03-18,Oklahoma,40,29,0,OK
887,2020-03-18,Oregon,41,74,3,OR
888,2020-03-18,Pennsylvania,42,139,1,PA
890,2020-03-18,Rhode Island,44,33,0,RI
891,2020-03-18,South Carolina,45,60,1,SC
892,2020-03-18,South Dakota,46,11,1,SD
893,2020-03-18,Tennessee,47,98,0,TN
894,2020-03-18,Texas,48,166,2,TX
895,2020-03-18,Utah,49,65,0,UT
896,2020-03-18,Vermont,50,19,0,VT
898,2020-03-18,Virginia,51,78,2,VA
899,2020-03-18,Washington,53,1026,68,WA
900,2020-03-18,West Virginia,54,2,0,WV
901,2020-03-18,Wisconsin,55,106,0,WI
902,2020-03-18,Wyoming,56,17,0,WY
903,2020-03-19,Alabama,1,78,0,AL
904,2020-03-19,Alaska,2,12,0,AK
905,2020-03-19,Arizona,4,47,0,AZ
906,2020-03-19,Arkansas,5,62,0,AR
907,2020-03-19,California,6,1067,19,CA
908,2020-03-19,Colorado,8,278,5,CO
909,2020-03-19,Connecticut,9,159,4,CT
910,2020-03-19,Delaware,10,30,0,DE
911,2020-03-19,District of Columbia,11,39,0,DC
912,2020-03-19,Florida,12,434,8,FL
913,2020-03-19,Georgia,13,282,10,GA
915,2020-03-19,Hawaii,15,26,0,HI
916,2020-03-19,Idaho,16,23,0,ID
917,2020-03-19,Illinois,17,420,4,IL
918,2020-03-19,Indiana,18,56,2,IN
919,2020-03-19,Iowa,19,44,0,IA
920,2020-03-19,Kansas,20,35,1,KS
921,2020-03-19,Kentucky,21,47,2,KY
922,2020-03-19,Louisiana,22,392,10,LA
923,2020-03-19,Maine,23,52,0,ME
924,2020-03-19,Maryland,24,108,1,MD
925,2020-03-19,Massachusetts,25,328,0,MA
926,2020-03-19,Michigan,26,334,3,MI
927,2020-03-19,Minnesota,27,89,0,MN
928,2020-03-19,Mississippi,28,50,1,MS
929,2020-03-19,Missouri,29,35,1,MO
930,2020-03-19,Montana,30,19,0,MT
931,2020-03-19,Nebraska,31,47,0,NE
932,2020-03-19,Nevada,32,99,1,NV
933,2020-03-19,New Hampshire,33,44,0,NH
934,2020-03-19,New Jersey,34,735,9,NJ
935,2020-03-19,New Mexico,35,35,0,NM
936,2020-03-19,New York,36,4161,39,NY
937,2020-03-19,North Carolina,37,104,0,NC
938,2020-03-19,North Dakota,38,19,0,ND
939,2020-03-19,Ohio,39,120,0,OH
940,2020-03-19,Oklahoma,40,44,1,OK
941,2020-03-19,Oregon,41,87,3,OR
942,2020-03-19,Pennsylvania,42,187,1,PA
944,2020-03-19,Rhode Island,44,44,0,RI
945,2020-03-19,South Carolina,45,81,1,SC
946,2020-03-19,South Dakota,46,14,1,SD
947,2020-03-19,Tennessee,47,155,0,TN
948,2020-03-19,Texas,48,248,4,TX
949,2020-03-19,Utah,49,80,0,UT
950,2020-03-19,Vermont,50,22,2,VT
952,2020-03-19,Virginia,51,94,2,VA
953,2020-03-19,Washington,53,1228,75,WA
954,2020-03-19,West Virginia,54,5,0,WV
955,2020-03-19,Wisconsin,55,155,2,WI
956,2020-03-19,Wyoming,56,18,0,WY
957,2020-03-20,Alabama,1,106,0,AL
958,2020-03-20,Alaska,2,14,0,AK
959,2020-03-20,Arizona,4,70,1,AZ
960,2020-03-20,Arkansas,5,100,0,AR
961,2020-03-20,California,6,1283,24,CA
962,2020-03-20,Colorado,8,364,5,CO
963,2020-03-20,Connecticut,9,194,4,CT
964,2020-03-20,Delaware,10,39,0,DE
965,2020-03-20,District of Columbia,11,71,0,DC
966,2020-03-20,Florida,12,564,9,FL
967,2020-03-20,Georgia,13,482,14,GA
969,2020-03-20,Hawaii,15,37,0,HI
970,2020-03-20,Idaho,16,31,0,ID
971,2020-03-20,Illinois,17,583,5,IL
972,2020-03-20,Indiana,18,81,5,IN
973,2020-03-20,Iowa,19,45,0,IA
974,2020-03-20,Kansas,20,49,1,KS
975,2020-03-20,Kentucky,21,63,2,KY
976,2020-03-20,Louisiana,22,537,10,LA
977,2020-03-20,Maine,23,57,0,ME
978,2020-03-20,Maryland,24,150,2,MD
979,2020-03-20,Massachusetts,25,413,1,MA
980,2020-03-20,Michigan,26,548,4,MI
981,2020-03-20,Minnesota,27,115,0,MN
982,2020-03-20,Mississippi,28,80,1,MS
983,2020-03-20,Missouri,29,73,3,MO
984,2020-03-20,Montana,30,19,0,MT
985,2020-03-20,Nebraska,31,53,0,NE
986,2020-03-20,Nevada,32,165,2,NV
987,2020-03-20,New Hampshire,33,55,0,NH
988,2020-03-20,New Jersey,34,896,11,NJ
989,2020-03-20,New Mexico,35,43,0,NM
990,2020-03-20,New York,36,7113,68,NY
991,2020-03-20,North Carolina,37,144,0,NC
992,2020-03-20,North Dakota,38,27,0,ND
993,2020-03-20,Ohio,39,169,1,OH
994,2020-03-20,Oklahoma,40,49,1,OK
995,2020-03-20,Oregon,41,114,3,OR
996,2020-03-20,Pennsylvania,42,269,1,PA
998,2020-03-20,Rhode Island,44,44,0,RI
999,2020-03-20,South Carolina,45,126,3,SC
1000,2020-03-20,South Dakota,46,14,1,SD
1001,2020-03-20,Tennessee,47,237,0,TN
1002,2020-03-20,Texas,48,386,5,TX
1003,2020-03-20,Utah,49,112,0,UT
1004,2020-03-20,Vermont,50,29,2,VT
1006,2020-03-20,Virginia,51,115,2,VA
1007,2020-03-20,Washington,53,1404,83,WA
1008,2020-03-20,West Virginia,54,8,0,WV
1009,2020-03-20,Wisconsin,55,216,3,WI
1010,2020-03-20,Wyoming,56,22,0,WY
1011,2020-03-21,Alabama,1,131,0,AL
1012,2020-03-21,Alaska,2,21,0,AK
1013,2020-03-21,Arizona,4,104,1,AZ
1014,2020-03-21,Arkansas,5,118,0,AR
1015,2020-03-21,California,6,1544,28,CA
1016,2020-03-21,Colorado,8,475,6,CO
1017,2020-03-21,Connecticut,9,223,5,CT
1018,2020-03-21,Delaware,10,45,0,DE
1019,2020-03-21,District of Columbia,11,77,1,DC
1020,2020-03-21,Florida,12,764,11,FL
1021,2020-03-21,Georgia,13,552,20,GA
1023,2020-03-21,Hawaii,15,48,0,HI
1024,2020-03-21,Idaho,16,42,0,ID
1025,2020-03-21,Illinois,17,751,6,IL
1026,2020-03-21,Indiana,18,128,6,IN
1027,2020-03-21,Iowa,19,68,0,IA
1028,2020-03-21,Kansas,20,57,2,KS
1029,2020-03-21,Kentucky,21,84,3,KY
1030,2020-03-21,Louisiana,22,763,16,LA
1031,2020-03-21,Maine,23,70,0,ME
1032,2020-03-21,Maryland,24,195,3,MD
1033,2020-03-21,Massachusetts,25,525,2,MA
1034,2020-03-21,Michigan,26,787,6,MI
1035,2020-03-21,Minnesota,27,138,1,MN
1036,2020-03-21,Mississippi,28,140,1,MS
1037,2020-03-21,Missouri,29,93,3,MO
1038,2020-03-21,Montana,30,29,0,MT
1039,2020-03-21,Nebraska,31,61,0,NE
1040,2020-03-21,Nevada,32,165,2,NV
1041,2020-03-21,New Hampshire,33,65,0,NH
1042,2020-03-21,New Jersey,34,1336,16,NJ
1043,2020-03-21,New Mexico,35,57,0,NM
1044,2020-03-21,New York,36,10371,95,NY
1045,2020-03-21,North Carolina,37,184,0,NC
1046,2020-03-21,North Dakota,38,28,0,ND
1047,2020-03-21,Ohio,39,247,3,OH
1048,2020-03-21,Oklahoma,40,53,1,OK
1049,2020-03-21,Oregon,41,137,4,OR
1050,2020-03-21,Pennsylvania,42,388,2,PA
1052,2020-03-21,Rhode Island,44,66,0,RI
1053,2020-03-21,South Carolina,45,172,3,SC
1054,2020-03-21,South Dakota,46,14,1,SD
1055,2020-03-21,Tennessee,47,312,2,TN
1056,2020-03-21,Texas,48,547,5,TX
1057,2020-03-21,Utah,49,138,0,UT
1058,2020-03-21,Vermont,50,49,2,VT
1060,2020-03-21,Virginia,51,152,3,VA
1061,2020-03-21,Washington,53,1655,95,WA
1062,2020-03-21,West Virginia,54,12,0,WV
1063,2020-03-21,Wisconsin,55,281,4,WI
1064,2020-03-21,Wyoming,56,24,0,WY
1065,2020-03-22,Alabama,1,157,0,AL
1066,2020-03-22,Alaska,2,22,0,AK
1067,2020-03-22,Arizona,4,153,2,AZ
1068,2020-03-22,Arkansas,5,165,0,AR
1069,2020-03-22,California,6,1851,35,CA
1070,2020-03-22,Colorado,8,591,7,CO
1071,2020-03-22,Connecticut,9,327,8,CT
1072,2020-03-22,Delaware,10,56,0,DE
1073,2020-03-22,District of Columbia,11,98,1,DC
1074,2020-03-22,Florida,12,1000,13,FL
1075,2020-03-22,Georgia,13,620,25,GA
1077,2020-03-22,Hawaii,15,56,0,HI
1078,2020-03-22,Idaho,16,47,0,ID
1079,2020-03-22,Illinois,17,1047,9,IL
1080,2020-03-22,Indiana,18,204,9,IN
1081,2020-03-22,Iowa,19,90,0,IA
1082,2020-03-22,Kansas,20,66,2,KS
1083,2020-03-22,Kentucky,21,103,3,KY
1084,2020-03-22,Louisiana,22,837,20,LA
1085,2020-03-22,Maine,23,89,0,ME
1086,2020-03-22,Maryland,24,245,3,MD
1087,2020-03-22,Massachusetts,25,646,5,MA
1088,2020-03-22,Michigan,26,1033,9,MI
1089,2020-03-22,Minnesota,27,171,1,MN
1090,2020-03-22,Mississippi,28,207,1,MS
1091,2020-03-22,Missouri,29,130,3,MO
1092,2020-03-22,Montana,30,34,0,MT
1093,2020-03-22,Nebraska,31,62,0,NE
1094,2020-03-22,Nevada,32,190,2,NV
1095,2020-03-22,New Hampshire,33,78,0,NH
1096,2020-03-22,New Jersey,34,1914,20,NJ
1097,2020-03-22,New Mexico,35,65,0,NM
1098,2020-03-22,New York,36,15188,142,NY
1099,2020-03-22,North Carolina,37,269,0,NC
1100,2020-03-22,North Dakota,38,30,0,ND
1101,2020-03-22,Ohio,39,351,3,OH
1102,2020-03-22,Oklahoma,40,67,2,OK
1103,2020-03-22,Oregon,41,161,5,OR
1104,2020-03-22,Pennsylvania,42,504,3,PA
1106,2020-03-22,Rhode Island,44,83,0,RI
1107,2020-03-22,South Carolina,45,194,3,SC
1108,2020-03-22,South Dakota,46,21,1,SD
1109,2020-03-22,Tennessee,47,424,2,TN
1110,2020-03-22,Texas,48,639,7,TX
1111,2020-03-22,Utah,49,182,1,UT
1112,2020-03-22,Vermont,50,52,2,VT
1114,2020-03-22,Virginia,51,219,6,VA
1115,2020-03-22,Washington,53,1844,97,WA
1116,2020-03-22,West Virginia,54,16,0,WV
1117,2020-03-22,Wisconsin,55,382,4,WI
1118,2020-03-22,Wyoming,56,26,0,WY
1119,2020-03-23,Alabama,1,196,0,AL
1120,2020-03-23,Alaska,2,36,0,AK
1121,2020-03-23,Arizona,4,234,2,AZ
1122,2020-03-23,Arkansas,5,201,0,AR
1123,2020-03-23,California,6,2240,39,CA
1124,2020-03-23,Colorado,8,721,10,CO
1125,2020-03-23,Connecticut,9,415,10,CT
1126,2020-03-23,Delaware,10,87,0,DE
1127,2020-03-23,District of Columbia,11,116,2,DC
1128,2020-03-23,Florida,12,1222,18,FL
1129,2020-03-23,Georgia,13,800,25,GA
1131,2020-03-23,Hawaii,15,77,0,HI
1132,2020-03-23,Idaho,16,50,0,ID
1133,2020-03-23,Illinois,17,1285,12,IL
1134,2020-03-23,Indiana,18,264,12,IN
1135,2020-03-23,Iowa,19,105,0,IA
1136,2020-03-23,Kansas,20,82,2,KS
1137,2020-03-23,Kentucky,21,124,3,KY
1138,2020-03-23,Louisiana,22,1172,34,LA
1139,2020-03-23,Maine,23,107,0,ME
1140,2020-03-23,Maryland,24,290,3,MD
1141,2020-03-23,Massachusetts,25,777,9,MA
1142,2020-03-23,Michigan,26,1324,16,MI
1143,2020-03-23,Minnesota,27,235,1,MN
1144,2020-03-23,Mississippi,28,249,1,MS
1145,2020-03-23,Missouri,29,183,4,MO
1146,2020-03-23,Montana,30,45,0,MT
1147,2020-03-23,Nebraska,31,73,0,NE
1148,2020-03-23,Nevada,32,265,4,NV
1149,2020-03-23,New Hampshire,33,101,1,NH
1150,2020-03-23,New Jersey,34,2844,27,NJ
1151,2020-03-23,New Mexico,35,83,0,NM
1152,2020-03-23,New York,36,20899,183,NY
1153,2020-03-23,North Carolina,37,302,0,NC
1154,2020-03-23,North Dakota,38,32,0,ND
1155,2020-03-23,Ohio,39,444,6,OH
1156,2020-03-23,Oklahoma,40,81,2,OK
1157,2020-03-23,Oregon,41,191,5,OR
1158,2020-03-23,Pennsylvania,42,644,6,PA
1160,2020-03-23,Rhode Island,44,106,0,RI
1161,2020-03-23,South Carolina,45,299,5,SC
1162,2020-03-23,South Dakota,46,28,1,SD
1163,2020-03-23,Tennessee,47,522,2,TN
1164,2020-03-23,Texas,48,728,7,TX
1165,2020-03-23,Utah,49,257,1,UT
1166,2020-03-23,Vermont,50,75,2,VT
1168,2020-03-23,Virginia,51,254,6,VA
1169,2020-03-23,Washington,53,2101,110,WA
1170,2020-03-23,West Virginia,54,16,0,WV
1171,2020-03-23,Wisconsin,55,418,5,WI
1172,2020-03-23,Wyoming,56,28,0,WY
1173,2020-03-24,Alabama,1,242,0,AL
1174,2020-03-24,Alaska,2,42,0,AK
1175,2020-03-24,Arizona,4,326,6,AZ
1176,2020-03-24,Arkansas,5,231,2,AR
1177,2020-03-24,California,6,2644,52,CA
1178,2020-03-24,Colorado,8,912,11,CO
1179,2020-03-24,Connecticut,9,618,12,CT
1180,2020-03-24,Delaware,10,104,0,DE
1181,2020-03-24,District of Columbia,11,137,2,DC
1182,2020-03-24,Florida,12,1467,20,FL
1183,2020-03-24,Georgia,13,1095,38,GA
1185,2020-03-24,Hawaii,15,90,0,HI
1186,2020-03-24,Idaho,16,73,0,ID
1187,2020-03-24,Illinois,17,1535,16,IL
1188,2020-03-24,Indiana,18,371,17,IN
1189,2020-03-24,Iowa,19,124,1,IA
1190,2020-03-24,Kansas,20,102,3,KS
1191,2020-03-24,Kentucky,21,157,3,KY
1192,2020-03-24,Louisiana,22,1388,46,LA
1193,2020-03-24,Maine,23,118,0,ME
1194,2020-03-24,Maryland,24,349,4,MD
1195,2020-03-24,Massachusetts,25,1159,11,MA
1196,2020-03-24,Michigan,26,1791,24,MI
1197,2020-03-24,Minnesota,27,264,1,MN
1198,2020-03-24,Mississippi,28,320,1,MS
1199,2020-03-24,Missouri,29,255,5,MO
1200,2020-03-24,Montana,30,51,0,MT
1201,2020-03-24,Nebraska,31,77,0,NE
1202,2020-03-24,Nevada,32,315,6,NV
1203,2020-03-24,New Hampshire,33,108,1,NH
1204,2020-03-24,New Jersey,34,3675,44,NJ
1205,2020-03-24,New Mexico,35,100,0,NM
1206,2020-03-24,New York,36,25704,264,NY
1207,2020-03-24,North Carolina,37,397,0,NC
1208,2020-03-24,North Dakota,38,37,0,ND
1209,2020-03-24,Ohio,39,564,8,OH
1210,2020-03-24,Oklahoma,40,106,3,OK
1211,2020-03-24,Oregon,41,209,8,OR
1212,2020-03-24,Pennsylvania,42,851,8,PA
1214,2020-03-24,Rhode Island,44,124,0,RI
1215,2020-03-24,South Carolina,45,342,8,SC
1216,2020-03-24,South Dakota,46,30,1,SD
1217,2020-03-24,Tennessee,47,678,2,TN
1218,2020-03-24,Texas,48,857,11,TX
1219,2020-03-24,Utah,49,299,1,UT
1220,2020-03-24,Vermont,50,95,7,VT
1222,2020-03-24,Virginia,51,291,7,VA
1223,2020-03-24,Washington,53,2469,123,WA
1224,2020-03-24,West Virginia,54,39,0,WV
1225,2020-03-24,Wisconsin,55,481,5,WI
1226,2020-03-24,Wyoming,56,37,0,WY
1227,2020-03-25,Alabama,1,386,1,AL
1228,2020-03-25,Alaska,2,59,0,AK
1229,2020-03-25,Arizona,4,402,6,AZ
1230,2020-03-25,Arkansas,5,307,2,AR
1231,2020-03-25,California,6,3183,68,CA
1232,2020-03-25,Colorado,8,1086,19,CO
1233,2020-03-25,Connecticut,9,875,19,CT
1234,2020-03-25,Delaware,10,119,0,DE
1235,2020-03-25,District of Columbia,11,183,2,DC
1236,2020-03-25,Florida,12,1971,23,FL
1237,2020-03-25,Georgia,13,1385,47,GA
1239,2020-03-25,Hawaii,15,95,0,HI
1240,2020-03-25,Idaho,16,123,0,ID
1241,2020-03-25,Illinois,17,1874,21,IL
1242,2020-03-25,Indiana,18,484,19,IN
1243,2020-03-25,Iowa,19,147,1,IA
1244,2020-03-25,Kansas,20,134,3,KS
1245,2020-03-25,Kentucky,21,198,5,KY
1246,2020-03-25,Louisiana,22,1795,65,LA
1247,2020-03-25,Maine,23,142,0,ME
1248,2020-03-25,Maryland,24,423,4,MD
1249,2020-03-25,Massachusetts,25,1838,15,MA
1250,2020-03-25,Michigan,26,2293,43,MI
1251,2020-03-25,Minnesota,27,289,1,MN
1252,2020-03-25,Mississippi,28,376,5,MS
1253,2020-03-25,Missouri,29,384,8,MO
1254,2020-03-25,Montana,30,65,0,MT
1255,2020-03-25,Nebraska,31,84,0,NE
1256,2020-03-25,Nevada,32,405,10,NV
1257,2020-03-25,New Hampshire,33,137,1,NH
1258,2020-03-25,New Jersey,34,4402,62,NJ
1259,2020-03-25,New Mexico,35,113,1,NM
1260,2020-03-25,New York,36,33117,381,NY
1261,2020-03-25,North Carolina,37,562,1,NC
1262,2020-03-25,North Dakota,38,45,0,ND
1263,2020-03-25,Ohio,39,707,11,OH
1264,2020-03-25,Oklahoma,40,164,5,OK
1265,2020-03-25,Oregon,41,266,10,OR
1266,2020-03-25,Pennsylvania,42,1151,12,PA
1268,2020-03-25,Rhode Island,44,132,0,RI
1269,2020-03-25,South Carolina,45,425,8,SC
1270,2020-03-25,South Dakota,46,41,1,SD
1271,2020-03-25,Tennessee,47,806,3,TN
1272,2020-03-25,Texas,48,1132,13,TX
1273,2020-03-25,Utah,49,346,1,UT
1274,2020-03-25,Vermont,50,123,8,VT
1276,2020-03-25,Virginia,51,390,9,VA
1277,2020-03-25,Washington,53,2585,130,WA
1278,2020-03-25,West Virginia,54,51,0,WV
1279,2020-03-25,Wisconsin,55,623,7,WI
1280,2020-03-25,Wyoming,56,49,0,WY
1281,2020-03-26,Alabama,1,538,3,AL
1282,2020-03-26,Alaska,2,69,0,AK
1283,2020-03-26,Arizona,4,508,8,AZ
1284,2020-03-26,Arkansas,5,350,3,AR
1285,2020-03-26,California,6,4060,83,CA
1286,2020-03-26,Colorado,8,1432,24,CO
1287,2020-03-26,Connecticut,9,1012,21,CT
1288,2020-03-26,Delaware,10,143,1,DE
1289,2020-03-26,District of Columbia,11,231,3,DC
1290,2020-03-26,Florida,12,2478,29,FL
1291,2020-03-26,Georgia,13,1641,56,GA
1293,2020-03-26,Hawaii,15,106,0,HI
1294,2020-03-26,Idaho,16,189,3,ID
1295,2020-03-26,Illinois,17,2538,26,IL
1296,2020-03-26,Indiana,18,661,23,IN
1297,2020-03-26,Iowa,19,179,1,IA
1298,2020-03-26,Kansas,20,173,3,KS
1299,2020-03-26,Kentucky,21,248,5,KY
1300,2020-03-26,Louisiana,22,2305,83,LA
1301,2020-03-26,Maine,23,155,0,ME
1302,2020-03-26,Maryland,24,581,4,MD
1303,2020-03-26,Massachusetts,25,2417,25,MA
1304,2020-03-26,Michigan,26,2877,63,MI
1305,2020-03-26,Minnesota,27,346,2,MN
1306,2020-03-26,Mississippi,28,486,6,MS
1307,2020-03-26,Missouri,29,508,8,MO
1308,2020-03-26,Montana,30,90,0,MT
1309,2020-03-26,Nebraska,31,91,0,NE
1310,2020-03-26,Nevada,32,535,10,NV
1311,2020-03-26,New Hampshire,33,158,1,NH
1312,2020-03-26,New Jersey,34,6876,82,NJ
1313,2020-03-26,New Mexico,35,136,1,NM
1314,2020-03-26,New York,36,39058,502,NY
1315,2020-03-26,North Carolina,37,639,2,NC
1316,2020-03-26,North Dakota,38,58,0,ND
1317,2020-03-26,Ohio,39,867,15,OH
1318,2020-03-26,Oklahoma,40,248,7,OK
1319,2020-03-26,Oregon,41,316,11,OR
1320,2020-03-26,Pennsylvania,42,1690,16,PA
1322,2020-03-26,Rhode Island,44,165,0,RI
1323,2020-03-26,South Carolina,45,456,9,SC
1324,2020-03-26,South Dakota,46,46,1,SD
1325,2020-03-26,Tennessee,47,981,3,TN
1326,2020-03-26,Texas,48,1542,21,TX
1327,2020-03-26,Utah,49,402,1,UT
1328,2020-03-26,Vermont,50,158,9,VT
1330,2020-03-26,Virginia,51,603,14,VA
1331,2020-03-26,Washington,53,3208,152,WA
1332,2020-03-26,West Virginia,54,76,0,WV
1333,2020-03-26,Wisconsin,55,754,10,WI
1334,2020-03-26,Wyoming,56,56,0,WY
1335,2020-03-27,Alabama,1,639,4,AL
1336,2020-03-27,Alaska,2,85,1,AK
1337,2020-03-27,Arizona,4,665,15,AZ
1338,2020-03-27,Arkansas,5,385,3,AR
1339,2020-03-27,California,6,4915,104,CA
1340,2020-03-27,Colorado,8,1735,31,CO
1341,2020-03-27,Connecticut,9,1291,27,CT
1342,2020-03-27,Delaware,10,165,2,DE
1343,2020-03-27,District of Columbia,11,267,3,DC
1344,2020-03-27,Florida,12,3198,46,FL
1345,2020-03-27,Georgia,13,2198,64,GA
1347,2020-03-27,Hawaii,15,120,0,HI
1348,2020-03-27,Idaho,16,232,4,ID
1349,2020-03-27,Illinois,17,3029,37,IL
1350,2020-03-27,Indiana,18,992,32,IN
1351,2020-03-27,Iowa,19,236,3,IA
1352,2020-03-27,Kansas,20,213,4,KS
1353,2020-03-27,Kentucky,21,302,8,KY
1354,2020-03-27,Louisiana,22,2746,119,LA
1355,2020-03-27,Maine,23,168,1,ME
1356,2020-03-27,Maryland,24,790,5,MD
1357,2020-03-27,Massachusetts,25,3240,35,MA
1358,2020-03-27,Michigan,26,3655,93,MI
1359,2020-03-27,Minnesota,27,398,4,MN
1360,2020-03-27,Mississippi,28,579,8,MS
1361,2020-03-27,Missouri,29,670,9,MO
1362,2020-03-27,Montana,30,121,1,MT
1363,2020-03-27,Nebraska,31,102,2,NE
1364,2020-03-27,Nevada,32,621,10,NV
1365,2020-03-27,New Hampshire,33,187,2,NH
1366,2020-03-27,New Jersey,34,8825,108,NJ
1367,2020-03-27,New Mexico,35,191,1,NM
1368,2020-03-27,New York,36,44746,645,NY
1369,2020-03-27,North Carolina,37,784,3,NC
1370,2020-03-27,North Dakota,38,68,1,ND
1371,2020-03-27,Ohio,39,1144,22,OH
1372,2020-03-27,Oklahoma,40,322,8,OK
1373,2020-03-27,Oregon,41,415,12,OR
1374,2020-03-27,Pennsylvania,42,2217,23,PA
1376,2020-03-27,Rhode Island,44,203,0,RI
1377,2020-03-27,South Carolina,45,542,13,SC
1378,2020-03-27,South Dakota,46,58,1,SD
1379,2020-03-27,Tennessee,47,1180,6,TN
1380,2020-03-27,Texas,48,1971,25,TX
1381,2020-03-27,Utah,49,480,2,UT
1382,2020-03-27,Vermont,50,184,10,VT
1384,2020-03-27,Virginia,51,605,14,VA
1385,2020-03-27,Washington,53,3770,179,WA
1386,2020-03-27,West Virginia,54,96,0,WV
1387,2020-03-27,Wisconsin,55,930,16,WI
1388,2020-03-27,Wyoming,56,74,0,WY
1389,2020-03-28,Alabama,1,720,4,AL
1390,2020-03-28,Alaska,2,102,1,AK
1391,2020-03-28,Arizona,4,773,15,AZ
1392,2020-03-28,Arkansas,5,409,5,AR
1393,2020-03-28,California,6,5566,122,CA
1394,2020-03-28,Colorado,8,2061,44,CO
1395,2020-03-28,Connecticut,9,1524,33,CT
1396,2020-03-28,Delaware,10,214,5,DE
1397,2020-03-28,District of Columbia,11,304,4,DC
1398,2020-03-28,Florida,12,4038,56,FL
1399,2020-03-28,Georgia,13,2447,79,GA
1401,2020-03-28,Hawaii,15,151,0,HI
1402,2020-03-28,Idaho,16,262,5,ID
1403,2020-03-28,Illinois,17,3547,50,IL
1404,2020-03-28,Indiana,18,1239,38,IN
1405,2020-03-28,Iowa,19,298,3,IA
1406,2020-03-28,Kansas,20,272,6,KS
1407,2020-03-28,Kentucky,21,394,9,KY
1408,2020-03-28,Louisiana,22,3315,137,LA
1409,2020-03-28,Maine,23,211,1,ME
1410,2020-03-28,Maryland,24,1066,10,MD
1411,2020-03-28,Massachusetts,25,4257,44,MA
1412,2020-03-28,Michigan,26,4634,112,MI
1413,2020-03-28,Minnesota,27,442,5,MN
1414,2020-03-28,Mississippi,28,669,13,MS
1415,2020-03-28,Missouri,29,837,11,MO
1416,2020-03-28,Montana,30,147,1,MT
1417,2020-03-28,Nebraska,31,122,2,NE
1418,2020-03-28,Nevada,32,738,14,NV
1419,2020-03-28,New Hampshire,33,214,2,NH
1420,2020-03-28,New Jersey,34,11124,140,NJ
1421,2020-03-28,New Mexico,35,210,2,NM
1422,2020-03-28,New York,36,53517,935,NY
1423,2020-03-28,North Carolina,37,972,4,NC
1424,2020-03-28,North Dakota,38,93,1,ND
1426,2020-03-28,Ohio,39,1406,25,OH
1427,2020-03-28,Oklahoma,40,377,15,OK
1428,2020-03-28,Oregon,41,480,13,OR
1429,2020-03-28,Pennsylvania,42,2815,35,PA
1431,2020-03-28,Rhode Island,44,239,2,RI
1432,2020-03-28,South Carolina,45,661,15,SC
1433,2020-03-28,South Dakota,46,68,1,SD
1434,2020-03-28,Tennessee,47,1363,6,TN
1435,2020-03-28,Texas,48,2381,30,TX
1436,2020-03-28,Utah,49,608,2,UT
1437,2020-03-28,Vermont,50,211,12,VT
1439,2020-03-28,Virginia,51,739,17,VA
1440,2020-03-28,Washington,53,4311,193,WA
1441,2020-03-28,West Virginia,54,113,0,WV
1442,2020-03-28,Wisconsin,55,1042,17,WI
1443,2020-03-28,Wyoming,56,85,0,WY
1444,2020-03-29,Alabama,1,830,5,AL
1445,2020-03-29,Alaska,2,114,2,AK
1446,2020-03-29,Arizona,4,930,18,AZ
1447,2020-03-29,Arkansas,5,449,6,AR
1448,2020-03-29,California,6,6321,132,CA
1449,2020-03-29,Colorado,8,2315,47,CO
1450,2020-03-29,Connecticut,9,1993,34,CT
1451,2020-03-29,Delaware,10,232,6,DE
1452,2020-03-29,District of Columbia,11,342,5,DC
1453,2020-03-29,Florida,12,4943,60,FL
1454,2020-03-29,Georgia,13,2683,83,GA
1456,2020-03-29,Hawaii,15,175,0,HI
1457,2020-03-29,Idaho,16,310,6,ID
1458,2020-03-29,Illinois,17,4615,71,IL
1459,2020-03-29,Indiana,18,1522,40,IN
1460,2020-03-29,Iowa,19,336,4,IA
1461,2020-03-29,Kansas,20,333,7,KS
1462,2020-03-29,Kentucky,21,439,9,KY
1463,2020-03-29,Louisiana,22,3539,153,LA
1464,2020-03-29,Maine,23,253,3,ME
1465,2020-03-29,Maryland,24,1244,11,MD
1466,2020-03-29,Massachusetts,25,4955,48,MA
1467,2020-03-29,Michigan,26,5486,132,MI
1468,2020-03-29,Minnesota,27,504,9,MN
1469,2020-03-29,Mississippi,28,759,14,MS
1470,2020-03-29,Missouri,29,902,12,MO
1471,2020-03-29,Montana,30,161,1,MT
1472,2020-03-29,Nebraska,31,138,2,NE
1473,2020-03-29,Nevada,32,920,15,NV
1474,2020-03-29,New Hampshire,33,258,3,NH
1475,2020-03-29,New Jersey,34,13386,161,NJ
1476,2020-03-29,New Mexico,35,237,2,NM
1477,2020-03-29,New York,36,59783,1180,NY
1478,2020-03-29,North Carolina,37,1166,6,NC
1479,2020-03-29,North Dakota,38,97,1,ND
1481,2020-03-29,Ohio,39,1665,30,OH
1482,2020-03-29,Oklahoma,40,429,16,OK
1483,2020-03-29,Oregon,41,549,13,OR
1484,2020-03-29,Pennsylvania,42,3441,40,PA
1486,2020-03-29,Rhode Island,44,294,3,RI
1487,2020-03-29,South Carolina,45,775,16,SC
1488,2020-03-29,South Dakota,46,90,1,SD
1489,2020-03-29,Tennessee,47,1569,7,TN
1490,2020-03-29,Texas,48,2722,35,TX
1491,2020-03-29,Utah,49,719,2,UT
1492,2020-03-29,Vermont,50,235,12,VT
1494,2020-03-29,Virginia,51,889,22,VA
1495,2020-03-29,Washington,53,4897,209,WA
1496,2020-03-29,West Virginia,54,124,1,WV
1497,2020-03-29,Wisconsin,55,1120,17,WI
1498,2020-03-29,Wyoming,56,88,0,WY
1499,2020-03-30,Alabama,1,947,11,AL
1500,2020-03-30,Alaska,2,120,2,AK
1501,2020-03-30,Arizona,4,1169,20,AZ
1502,2020-03-30,Arkansas,5,508,7,AR
1503,2020-03-30,California,6,7421,147,CA
1504,2020-03-30,Colorado,8,2628,51,CO
1505,2020-03-30,Connecticut,9,2571,36,CT
1506,2020-03-30,Delaware,10,264,7,DE
1507,2020-03-30,District of Columbia,11,401,9,DC
1508,2020-03-30,Florida,12,5695,72,FL
1509,2020-03-30,Georgia,13,3032,103,GA
1511,2020-03-30,Hawaii,15,204,0,HI
1512,2020-03-30,Idaho,16,415,7,ID
1513,2020-03-30,Illinois,17,5070,84,IL
1514,2020-03-30,Indiana,18,1797,44,IN
1515,2020-03-30,Iowa,19,424,6,IA
1516,2020-03-30,Kansas,20,374,9,KS
1517,2020-03-30,Kentucky,21,480,11,KY
1518,2020-03-30,Louisiana,22,4024,186,LA
1519,2020-03-30,Maine,23,275,3,ME
1520,2020-03-30,Maryland,24,1415,15,MD
1521,2020-03-30,Massachusetts,25,5752,56,MA
1522,2020-03-30,Michigan,26,6508,197,MI
1523,2020-03-30,Minnesota,27,576,10,MN
1524,2020-03-30,Mississippi,28,848,16,MS
1525,2020-03-30,Missouri,29,1049,13,MO
1526,2020-03-30,Montana,30,177,4,MT
1527,2020-03-30,Nebraska,31,185,3,NE
1528,2020-03-30,Nevada,32,1044,18,NV
1529,2020-03-30,New Hampshire,33,314,3,NH
1530,2020-03-30,New Jersey,34,16636,199,NJ
1531,2020-03-30,New Mexico,35,282,4,NM
1532,2020-03-30,New York,36,67504,1512,NY
1533,2020-03-30,North Carolina,37,1303,6,NC
1534,2020-03-30,North Dakota,38,109,3,ND
1536,2020-03-30,Ohio,39,1933,40,OH
1537,2020-03-30,Oklahoma,40,481,17,OK
1538,2020-03-30,Oregon,41,607,16,OR
1539,2020-03-30,Pennsylvania,42,4156,48,PA
1541,2020-03-30,Rhode Island,44,408,4,RI
1542,2020-03-30,South Carolina,45,925,18,SC
1543,2020-03-30,South Dakota,46,100,1,SD
1544,2020-03-30,Tennessee,47,1721,13,TN
1545,2020-03-30,Texas,48,3065,46,TX
1546,2020-03-30,Utah,49,806,4,UT
1547,2020-03-30,Vermont,50,256,12,VT
1549,2020-03-30,Virginia,51,1020,26,VA
1550,2020-03-30,Washington,53,5180,221,WA
1551,2020-03-30,West Virginia,54,145,1,WV
1552,2020-03-30,Wisconsin,55,1269,20,WI
1553,2020-03-30,Wyoming,56,96,0,WY
1554,2020-03-31,Alabama,1,999,14,AL
1555,2020-03-31,Alaska,2,133,2,AK
1556,2020-03-31,Arizona,4,1298,24,AZ
1557,2020-03-31,Arkansas,5,564,8,AR
1558,2020-03-31,California,6,8583,184,CA
1559,2020-03-31,Colorado,8,2990,69,CO
1560,2020-03-31,Connecticut,9,3128,69,CT
1561,2020-03-31,Delaware,10,319,10,DE
1562,2020-03-31,District of Columbia,11,495,9,DC
1563,2020-03-31,Florida,12,6742,85,FL
1564,2020-03-31,Georgia,13,4116,126,GA
1566,2020-03-31,Hawaii,15,224,1,HI
1567,2020-03-31,Idaho,16,526,9,ID
1568,2020-03-31,Illinois,17,5992,107,IL
1569,2020-03-31,Indiana,18,2177,61,IN
1570,2020-03-31,Iowa,19,498,7,IA
1571,2020-03-31,Kansas,20,435,10,KS
1572,2020-03-31,Kentucky,21,590,18,KY
1573,2020-03-31,Louisiana,22,5237,240,LA
1574,2020-03-31,Maine,23,303,5,ME
1575,2020-03-31,Maryland,24,1662,18,MD
1576,2020-03-31,Massachusetts,25,6620,89,MA
1577,2020-03-31,Michigan,26,7629,264,MI
1578,2020-03-31,Minnesota,27,629,12,MN
1579,2020-03-31,Mississippi,28,937,20,MS
1580,2020-03-31,Missouri,29,1350,15,MO
1581,2020-03-31,Montana,30,198,5,MT
1582,2020-03-31,Nebraska,31,199,4,NE
1583,2020-03-31,Nevada,32,1113,26,NV
1584,2020-03-31,New Hampshire,33,367,3,NH
1585,2020-03-31,New Jersey,34,18696,267,NJ
1586,2020-03-31,New Mexico,35,315,5,NM
1587,2020-03-31,New York,36,76211,1929,NY
1588,2020-03-31,North Carolina,37,1527,10,NC
1589,2020-03-31,North Dakota,38,126,3,ND
1591,2020-03-31,Ohio,39,2199,55,OH
1592,2020-03-31,Oklahoma,40,566,23,OK
1593,2020-03-31,Oregon,41,690,18,OR
1594,2020-03-31,Pennsylvania,42,4997,72,PA
1596,2020-03-31,Rhode Island,44,488,8,RI
1597,2020-03-31,South Carolina,45,1083,22,SC
1598,2020-03-31,South Dakota,46,107,1,SD
1599,2020-03-31,Tennessee,47,2049,13,TN
1600,2020-03-31,Texas,48,3588,57,TX
1601,2020-03-31,Utah,49,887,5,UT
1602,2020-03-31,Vermont,50,293,13,VT
1604,2020-03-31,Virginia,51,1249,27,VA
1605,2020-03-31,Washington,53,5293,226,WA
1606,2020-03-31,West Virginia,54,162,1,WV
1607,2020-03-31,Wisconsin,55,1351,25,WI
1608,2020-03-31,Wyoming,56,121,0,WY
1609,2020-04-01,Alabama,1,1108,28,AL
1610,2020-04-01,Alaska,2,143,2,AK
1611,2020-04-01,Arizona,4,1413,29,AZ
1612,2020-04-01,Arkansas,5,624,10,AR
1613,2020-04-01,California,6,9857,212,CA
1614,2020-04-01,Colorado,8,3346,80,CO
1615,2020-04-01,Connecticut,9,3557,85,CT
1616,2020-04-01,Delaware,10,368,11,DE
1617,2020-04-01,District of Columbia,11,586,11,DC
1618,2020-04-01,Florida,12,7769,100,FL
1619,2020-04-01,Georgia,13,4747,154,GA
1621,2020-04-01,Hawaii,15,258,1,HI
1622,2020-04-01,Idaho,16,669,9,ID
1623,2020-04-01,Illinois,17,6978,146,IL
1624,2020-04-01,Indiana,18,2578,80,IN
1625,2020-04-01,Iowa,19,549,9,IA
1626,2020-04-01,Kansas,20,489,11,KS
1627,2020-04-01,Kentucky,21,674,20,KY
1628,2020-04-01,Louisiana,22,6424,275,LA
1629,2020-04-01,Maine,23,344,7,ME
1630,2020-04-01,Maryland,24,1985,33,MD
1631,2020-04-01,Massachusetts,25,7738,122,MA
1632,2020-04-01,Michigan,26,9292,336,MI
1633,2020-04-01,Minnesota,27,689,17,MN
1634,2020-04-01,Mississippi,28,1073,22,MS
1635,2020-04-01,Missouri,29,1580,21,MO
1636,2020-04-01,Montana,30,219,5,MT
1637,2020-04-01,Nebraska,31,249,5,NE
1638,2020-04-01,Nevada,32,1279,32,NV
1639,2020-04-01,New Hampshire,33,415,4,NH
1640,2020-04-01,New Jersey,34,22255,355,NJ
1641,2020-04-01,New Mexico,35,363,6,NM
1642,2020-04-01,New York,36,84364,2415,NY
1643,2020-04-01,North Carolina,37,1591,11,NC
1644,2020-04-01,North Dakota,38,147,3,ND
1646,2020-04-01,Ohio,39,2548,65,OH
1647,2020-04-01,Oklahoma,40,719,30,OK
1648,2020-04-01,Oregon,41,737,19,OR
1649,2020-04-01,Pennsylvania,42,5805,78,PA
1651,2020-04-01,Rhode Island,44,566,10,RI
1652,2020-04-01,South Carolina,45,1293,26,SC
1653,2020-04-01,South Dakota,46,129,1,SD
1654,2020-04-01,Tennessee,47,2689,23,TN
1655,2020-04-01,Texas,48,4402,65,TX
1656,2020-04-01,Utah,49,1012,7,UT
1657,2020-04-01,Vermont,50,321,16,VT
1659,2020-04-01,Virginia,51,1511,18,VA
1660,2020-04-01,Washington,53,5589,250,WA
1661,2020-04-01,West Virginia,54,191,2,WV
1662,2020-04-01,Wisconsin,55,1552,33,WI
1663,2020-04-01,Wyoming,56,138,0,WY
1664,2020-04-02,Alabama,1,1270,32,AL
1665,2020-04-02,Alaska,2,146,2,AK
1666,2020-04-02,Arizona,4,1600,35,AZ
1667,2020-04-02,Arkansas,5,683,12,AR
1668,2020-04-02,California,6,11190,247,CA
1669,2020-04-02,Colorado,8,3728,96,CO
1670,2020-04-02,Connecticut,9,3824,112,CT
1671,2020-04-02,Delaware,10,393,12,DE
1672,2020-04-02,District of Columbia,11,653,12,DC
1673,2020-04-02,Florida,12,9000,144,FL
1674,2020-04-02,Georgia,13,5444,176,GA
1676,2020-04-02,Hawaii,15,283,2,HI
1677,2020-04-02,Idaho,16,891,9,ID
1678,2020-04-02,Illinois,17,7695,165,IL
1679,2020-04-02,Indiana,18,3056,94,IN
1680,2020-04-02,Iowa,19,614,11,IA
1681,2020-04-02,Kansas,20,554,14,KS
1682,2020-04-02,Kentucky,21,747,34,KY
1683,2020-04-02,Louisiana,22,9152,310,LA
1684,2020-04-02,Maine,23,376,7,ME
1685,2020-04-02,Maryland,24,2331,36,MD
1686,2020-04-02,Massachusetts,25,8966,154,MA
1687,2020-04-02,Michigan,26,10791,417,MI
1688,2020-04-02,Minnesota,27,742,18,MN
1689,2020-04-02,Mississippi,28,1177,26,MS
1690,2020-04-02,Missouri,29,1834,28,MO
1691,2020-04-02,Montana,30,241,5,MT
1692,2020-04-02,Nebraska,31,273,6,NE
1693,2020-04-02,Nevada,32,1458,38,NV
1694,2020-04-02,New Hampshire,33,479,5,NH
1695,2020-04-02,New Jersey,34,25590,539,NJ
1696,2020-04-02,New Mexico,35,403,7,NM
1697,2020-04-02,New York,36,93360,2963,NY
1698,2020-04-02,North Carolina,37,1858,17,NC
1699,2020-04-02,North Dakota,38,159,3,ND
1701,2020-04-02,Ohio,39,2903,81,OH
1702,2020-04-02,Oklahoma,40,879,34,OK
1703,2020-04-02,Oregon,41,827,21,OR
1704,2020-04-02,Pennsylvania,42,7021,91,PA
1706,2020-04-02,Rhode Island,44,657,12,RI
1707,2020-04-02,South Carolina,45,1554,31,SC
1708,2020-04-02,South Dakota,46,165,2,SD
1709,2020-04-02,Tennessee,47,2868,32,TN
1710,2020-04-02,Texas,48,4952,80,TX
1711,2020-04-02,Utah,49,1077,7,UT
1712,2020-04-02,Vermont,50,338,17,VT
1714,2020-04-02,Virginia,51,1706,18,VA
1715,2020-04-02,Washington,53,6586,272,WA
1716,2020-04-02,West Virginia,54,217,2,WV
1717,2020-04-02,Wisconsin,55,1730,37,WI
1718,2020-04-02,Wyoming,56,154,0,WY
1719,2020-04-03,Alabama,1,1535,38,AL
1720,2020-04-03,Alaska,2,156,2,AK
1721,2020-04-03,Arizona,4,1769,41,AZ
1722,2020-04-03,Arkansas,5,738,12,AR
1723,2020-04-03,California,6,12569,282,CA
1724,2020-04-03,Colorado,8,4182,110,CO
1725,2020-04-03,Connecticut,9,4915,132,CT
1726,2020-04-03,Delaware,10,450,14,DE
1727,2020-04-03,District of Columbia,11,757,15,DC
1728,2020-04-03,Florida,12,10260,169,FL
1729,2020-04-03,Georgia,13,5967,198,GA
1731,2020-04-03,Hawaii,15,317,3,HI
1732,2020-04-03,Idaho,16,1012,10,ID
1733,2020-04-03,Illinois,17,8904,212,IL
1734,2020-04-03,Indiana,18,3455,118,IN
1735,2020-04-03,Iowa,19,699,11,IA
1736,2020-04-03,Kansas,20,625,19,KS
1737,2020-04-03,Kentucky,21,762,34,KY
1738,2020-04-03,Louisiana,22,10299,370,LA
1739,2020-04-03,Maine,23,432,9,ME
1740,2020-04-03,Maryland,24,2758,42,MD
1741,2020-04-03,Massachusetts,25,10402,192,MA
1742,2020-04-03,Michigan,26,12669,478,MI
1743,2020-04-03,Minnesota,27,789,22,MN
1744,2020-04-03,Mississippi,28,1358,29,MS
1745,2020-04-03,Missouri,29,2113,36,MO
1746,2020-04-03,Montana,30,262,5,MT
1747,2020-04-03,Nebraska,31,297,6,NE
1748,2020-04-03,Nevada,32,1549,43,NV
1749,2020-04-03,New Hampshire,33,540,7,NH
1750,2020-04-03,New Jersey,34,29895,647,NJ
1751,2020-04-03,New Mexico,35,495,10,NM
1752,2020-04-03,New York,36,103689,3716,NY
1753,2020-04-03,North Carolina,37,2093,23,NC
1754,2020-04-03,North Dakota,38,173,3,ND
1756,2020-04-03,Ohio,39,3312,91,OH
1757,2020-04-03,Oklahoma,40,989,38,OK
1758,2020-04-03,Oregon,41,899,22,OR
1759,2020-04-03,Pennsylvania,42,8420,102,PA
1761,2020-04-03,Rhode Island,44,711,14,RI
1762,2020-04-03,South Carolina,45,1700,34,SC
1763,2020-04-03,South Dakota,46,187,2,SD
1764,2020-04-03,Tennessee,47,3032,38,TN
1765,2020-04-03,Texas,48,5773,98,TX
1766,2020-04-03,Utah,49,1248,7,UT
1767,2020-04-03,Vermont,50,389,17,VT
1769,2020-04-03,Virginia,51,2011,46,VA
1770,2020-04-03,Washington,53,6967,293,WA
1771,2020-04-03,West Virginia,54,242,2,WV
1772,2020-04-03,Wisconsin,55,1916,50,WI
1773,2020-04-03,Wyoming,56,167,0,WY
1774,2020-04-04,Alabama,1,1632,44,AL
1775,2020-04-04,Alaska,2,169,3,AK
1776,2020-04-04,Arizona,4,2019,53,AZ
1777,2020-04-04,Arkansas,5,743,14,AR
1778,2020-04-04,California,6,13796,323,CA
1779,2020-04-04,Colorado,8,4574,126,CO
1780,2020-04-04,Connecticut,9,5276,165,CT
1781,2020-04-04,Delaware,10,593,14,DE
1782,2020-04-04,District of Columbia,11,902,21,DC
1783,2020-04-04,Florida,12,11537,194,FL
1784,2020-04-04,Georgia,13,6383,208,GA
1786,2020-04-04,Hawaii,15,349,3,HI
1787,2020-04-04,Idaho,16,1076,10,ID
1788,2020-04-04,Illinois,17,10357,248,IL
1789,2020-04-04,Indiana,18,3975,136,IN
1790,2020-04-04,Iowa,19,786,11,IA
1791,2020-04-04,Kansas,20,702,21,KS
1792,2020-04-04,Kentucky,21,909,40,KY
1793,2020-04-04,Louisiana,22,12500,412,LA
1794,2020-04-04,Maine,23,456,10,ME
1795,2020-04-04,Maryland,24,3125,54,MD
1796,2020-04-04,Massachusetts,25,11736,216,MA
1797,2020-04-04,Michigan,26,14225,541,MI
1798,2020-04-04,Minnesota,27,865,24,MN
1799,2020-04-04,Mississippi,28,1455,35,MS
1800,2020-04-04,Missouri,29,2291,44,MO
1801,2020-04-04,Montana,30,281,6,MT
1802,2020-04-04,Nebraska,31,339,8,NE
1803,2020-04-04,Nevada,32,1758,46,NV
1804,2020-04-04,New Hampshire,33,621,9,NH
1805,2020-04-04,New Jersey,34,34124,847,NJ
1806,2020-04-04,New Mexico,35,544,11,NM
1807,2020-04-04,New York,36,115963,4535,NY
1808,2020-04-04,North Carolina,37,2402,30,NC
1809,2020-04-04,North Dakota,38,186,3,ND
1811,2020-04-04,Ohio,39,3739,102,OH
1812,2020-04-04,Oklahoma,40,1159,42,OK
1813,2020-04-04,Oregon,41,1000,26,OR
1814,2020-04-04,Pennsylvania,42,10110,140,PA
1816,2020-04-04,Rhode Island,44,806,17,RI
1817,2020-04-04,South Carolina,45,1917,40,SC
1818,2020-04-04,South Dakota,46,212,2,SD
1819,2020-04-04,Tennessee,47,3265,47,TN
1820,2020-04-04,Texas,48,6566,124,TX
1821,2020-04-04,Utah,49,1426,8,UT
1822,2020-04-04,Vermont,50,461,20,VT
1824,2020-04-04,Virginia,51,2408,52,VA
1825,2020-04-04,Washington,53,7499,318,WA
1826,2020-04-04,West Virginia,54,282,2,WV
1827,2020-04-04,Wisconsin,55,2112,60,WI
1828,2020-04-04,Wyoming,56,189,0,WY
1829,2020-04-05,Alabama,1,1840,45,AL
1830,2020-04-05,Alaska,2,183,4,AK
1831,2020-04-05,Arizona,4,2269,64,AZ
1832,2020-04-05,Arkansas,5,853,16,AR
1833,2020-04-05,California,6,15202,351,CA
1834,2020-04-05,Colorado,8,4950,140,CO
1835,2020-04-05,Connecticut,9,5675,189,CT
1836,2020-04-05,Delaware,10,673,14,DE
1837,2020-04-05,District of Columbia,11,998,22,DC
1838,2020-04-05,Florida,12,12342,220,FL
1839,2020-04-05,Georgia,13,6742,219,GA
1841,2020-04-05,Hawaii,15,369,4,HI
1842,2020-04-05,Idaho,16,1100,10,ID
1843,2020-04-05,Illinois,17,11276,283,IL
1844,2020-04-05,Indiana,18,4437,151,IN
1845,2020-04-05,Iowa,19,868,22,IA
1846,2020-04-05,Kansas,20,769,23,KS
1847,2020-04-05,Kentucky,21,1048,44,KY
1848,2020-04-05,Louisiana,22,13014,477,LA
1849,2020-04-05,Maine,23,470,10,ME
1850,2020-04-05,Maryland,24,3609,68,MD
1851,2020-04-05,Massachusetts,25,12500,231,MA
1852,2020-04-05,Michigan,26,15633,617,MI
1853,2020-04-05,Minnesota,27,935,29,MN
1854,2020-04-05,Mississippi,28,1638,43,MS
1855,2020-04-05,Missouri,29,2367,52,MO
1856,2020-04-05,Montana,30,298,6,MT
1857,2020-04-05,Nebraska,31,377,8,NE
1858,2020-04-05,Nevada,32,1880,46,NV
1859,2020-04-05,New Hampshire,33,669,9,NH
1860,2020-04-05,New Jersey,34,37505,917,NJ
1861,2020-04-05,New Mexico,35,624,12,NM
1862,2020-04-05,New York,36,124085,5335,NY
1863,2020-04-05,North Carolina,37,2585,37,NC
1864,2020-04-05,North Dakota,38,207,3,ND
1866,2020-04-05,Ohio,39,4043,119,OH
1867,2020-04-05,Oklahoma,40,1251,46,OK
1868,2020-04-05,Oregon,41,1068,27,OR
1869,2020-04-05,Pennsylvania,42,11590,159,PA
1871,2020-04-05,Rhode Island,44,922,25,RI
1872,2020-04-05,South Carolina,45,2049,44,SC
1873,2020-04-05,South Dakota,46,240,2,SD
1874,2020-04-05,Tennessee,47,3538,50,TN
1875,2020-04-05,Texas,48,7117,136,TX
1876,2020-04-05,Utah,49,1618,8,UT
1877,2020-04-05,Vermont,50,512,22,VT
1879,2020-04-05,Virginia,51,2636,52,VA
1880,2020-04-05,Washington,53,7985,344,WA
1881,2020-04-05,West Virginia,54,325,3,WV
1882,2020-04-05,Wisconsin,55,2267,73,WI
1883,2020-04-05,Wyoming,56,200,0,WY
1884,2020-04-06,Alabama,1,2005,53,AL
1885,2020-04-06,Alaska,2,189,4,AK
1886,2020-04-06,Arizona,4,2466,67,AZ
1887,2020-04-06,Arkansas,5,927,16,AR
1888,2020-04-06,California,6,16361,386,CA
1889,2020-04-06,Colorado,8,5172,150,CO
1890,2020-04-06,Connecticut,9,6906,206,CT
1891,2020-04-06,Delaware,10,783,15,DE
1892,2020-04-06,District of Columbia,11,1097,24,DC
1893,2020-04-06,Florida,12,13621,253,FL
1894,2020-04-06,Georgia,13,7558,294,GA
1896,2020-04-06,Hawaii,15,385,5,HI
1897,2020-04-06,Idaho,16,1170,13,ID
1898,2020-04-06,Illinois,17,12262,309,IL
1899,2020-04-06,Indiana,18,4986,171,IN
1900,2020-04-06,Iowa,19,946,25,IA
1901,2020-04-06,Kansas,20,854,25,KS
1902,2020-04-06,Kentucky,21,1057,52,KY
1903,2020-04-06,Louisiana,22,14867,512,LA
1904,2020-04-06,Maine,23,499,10,ME
1905,2020-04-06,Maryland,24,4045,92,MD
1906,2020-04-06,Massachusetts,25,13837,260,MA
1907,2020-04-06,Michigan,26,17129,727,MI
1908,2020-04-06,Minnesota,27,986,30,MN
1909,2020-04-06,Mississippi,28,1738,51,MS
1910,2020-04-06,Missouri,29,2722,56,MO
1911,2020-04-06,Montana,30,319,6,MT
1912,2020-04-06,Nebraska,31,438,10,NE
1913,2020-04-06,Nevada,32,1971,58,NV
1914,2020-04-06,New Hampshire,33,715,9,NH
1915,2020-04-06,New Jersey,34,41090,1005,NJ
1916,2020-04-06,New Mexico,35,686,12,NM
1917,2020-04-06,New York,36,133389,6149,NY
1918,2020-04-06,North Carolina,37,2870,42,NC
1919,2020-04-06,North Dakota,38,225,3,ND
1921,2020-04-06,Ohio,39,4450,142,OH
1922,2020-04-06,Oklahoma,40,1326,51,OK
1923,2020-04-06,Oregon,41,1132,29,OR
1924,2020-04-06,Pennsylvania,42,13075,170,PA
1926,2020-04-06,Rhode Island,44,1082,27,RI
1927,2020-04-06,South Carolina,45,2232,48,SC
1928,2020-04-06,South Dakota,46,288,4,SD
1929,2020-04-06,Tennessee,47,3753,65,TN
1930,2020-04-06,Texas,48,8150,159,TX
1931,2020-04-06,Utah,49,1662,13,UT
1932,2020-04-06,Vermont,50,543,23,VT
1934,2020-04-06,Virginia,51,2877,54,VA
1935,2020-04-06,Washington,53,8385,383,WA
1936,2020-04-06,West Virginia,54,347,4,WV
1937,2020-04-06,Wisconsin,55,2440,83,WI
1938,2020-04-06,Wyoming,56,213,0,WY
1939,2020-04-07,Alabama,1,2197,64,AL
1940,2020-04-07,Alaska,2,211,4,AK
1941,2020-04-07,Arizona,4,2577,77,AZ
1942,2020-04-07,Arkansas,5,997,18,AR
1943,2020-04-07,California,6,17540,447,CA
1944,2020-04-07,Colorado,8,5429,179,CO
1945,2020-04-07,Connecticut,9,7781,277,CT
1946,2020-04-07,Delaware,10,928,16,DE
1947,2020-04-07,District of Columbia,11,1211,24,DC
1948,2020-04-07,Florida,12,14739,295,FL
1949,2020-04-07,Georgia,13,9156,348,GA
1951,2020-04-07,Hawaii,15,408,5,HI
1952,2020-04-07,Idaho,16,1210,15,ID
1953,2020-04-07,Illinois,17,13549,384,IL
1954,2020-04-07,Indiana,18,5544,208,IN
1955,2020-04-07,Iowa,19,1048,26,IA
1956,2020-04-07,Kansas,20,905,30,KS
1957,2020-04-07,Kentucky,21,1289,66,KY
1958,2020-04-07,Louisiana,22,16284,582,LA
1959,2020-04-07,Maine,23,519,12,ME
1960,2020-04-07,Maryland,24,4371,104,MD
1961,2020-04-07,Massachusetts,25,15202,356,MA
1962,2020-04-07,Michigan,26,18851,845,MI
1963,2020-04-07,Minnesota,27,1069,34,MN
1964,2020-04-07,Mississippi,28,1915,59,MS
1965,2020-04-07,Missouri,29,3037,80,MO
1966,2020-04-07,Montana,30,319,6,MT
1967,2020-04-07,Nebraska,31,491,12,NE
1968,2020-04-07,Nevada,32,2101,60,NV
1969,2020-04-07,New Hampshire,33,747,13,NH
1970,2020-04-07,New Jersey,34,44416,1232,NJ
1971,2020-04-07,New Mexico,35,794,13,NM
1972,2020-04-07,New York,36,141703,7185,NY
1973,2020-04-07,North Carolina,37,3220,50,NC
1974,2020-04-07,North Dakota,38,237,4,ND
1976,2020-04-07,Ohio,39,4783,167,OH
1977,2020-04-07,Oklahoma,40,1470,67,OK
1978,2020-04-07,Oregon,41,1181,33,OR
1979,2020-04-07,Pennsylvania,42,14582,241,PA
1981,2020-04-07,Rhode Island,44,1229,30,RI
1982,2020-04-07,South Carolina,45,2417,51,SC
1983,2020-04-07,South Dakota,46,320,6,SD
1984,2020-04-07,Tennessee,47,4010,72,TN
1985,2020-04-07,Texas,48,8968,177,TX
1986,2020-04-07,Utah,49,1737,13,UT
1987,2020-04-07,Vermont,50,575,23,VT
1989,2020-04-07,Virginia,51,3332,69,VA
1990,2020-04-07,Washington,53,8683,409,WA
1991,2020-04-07,West Virginia,54,413,4,WV
1992,2020-04-07,Wisconsin,55,2578,94,WI
1993,2020-04-07,Wyoming,56,221,0,WY
1994,2020-04-08,Alabama,1,2498,67,AL
1995,2020-04-08,Alaska,2,224,5,AK
1996,2020-04-08,Arizona,4,2726,80,AZ
1997,2020-04-08,Arkansas,5,1077,18,AR
1998,2020-04-08,California,6,19043,506,CA
1999,2020-04-08,Colorado,8,5655,192,CO
2000,2020-04-08,Connecticut,9,8781,335,CT
2001,2020-04-08,Delaware,10,1116,19,DE
2002,2020-04-08,District of Columbia,11,1440,27,DC
2003,2020-04-08,Florida,12,15690,322,FL
2004,2020-04-08,Georgia,13,10204,370,GA
2006,2020-04-08,Hawaii,15,433,5,HI
2007,2020-04-08,Idaho,16,1232,19,ID
2008,2020-04-08,Illinois,17,15078,464,IL
2009,2020-04-08,Indiana,18,5986,246,IN
2010,2020-04-08,Iowa,19,1145,27,IA
2011,2020-04-08,Kansas,20,1055,38,KS
2012,2020-04-08,Kentucky,21,1393,73,KY
2013,2020-04-08,Louisiana,22,17030,652,LA
2014,2020-04-08,Maine,23,537,14,ME
2015,2020-04-08,Maryland,24,5529,124,MD
2016,2020-04-08,Massachusetts,25,16790,433,MA
2017,2020-04-08,Michigan,26,20220,959,MI
2018,2020-04-08,Minnesota,27,1154,39,MN
2019,2020-04-08,Mississippi,28,2003,67,MS
2020,2020-04-08,Missouri,29,3327,86,MO
2021,2020-04-08,Montana,30,332,6,MT
2022,2020-04-08,Nebraska,31,538,14,NE
2023,2020-04-08,Nevada,32,2318,80,NV
2024,2020-04-08,New Hampshire,33,788,18,NH
2025,2020-04-08,New Jersey,34,47437,1504,NJ
2026,2020-04-08,New Mexico,35,865,16,NM
2027,2020-04-08,New York,36,151271,8138,NY
2028,2020-04-08,North Carolina,37,3423,61,NC
2029,2020-04-08,North Dakota,38,251,4,ND
2031,2020-04-08,Ohio,39,5149,193,OH
2032,2020-04-08,Oklahoma,40,1523,79,OK
2033,2020-04-08,Oregon,41,1239,38,OR
2034,2020-04-08,Pennsylvania,42,16414,313,PA
2036,2020-04-08,Rhode Island,44,1450,35,RI
2037,2020-04-08,South Carolina,45,2552,63,SC
2038,2020-04-08,South Dakota,46,393,6,SD
2039,2020-04-08,Tennessee,47,4246,83,TN
2040,2020-04-08,Texas,48,9897,195,TX
2041,2020-04-08,Utah,49,1860,13,UT
2042,2020-04-08,Vermont,50,605,23,VT
2044,2020-04-08,Virginia,51,3644,60,VA
2045,2020-04-08,Washington,53,9098,430,WA
2046,2020-04-08,West Virginia,54,483,4,WV
2047,2020-04-08,Wisconsin,55,2756,107,WI
2048,2020-04-08,Wyoming,56,230,0,WY
2049,2020-04-09,Alabama,1,2838,78,AL
2050,2020-04-09,Alaska,2,233,5,AK
2051,2020-04-09,Arizona,4,3018,89,AZ
2052,2020-04-09,Arkansas,5,1146,21,AR
2053,2020-04-09,California,6,20191,548,CA
2054,2020-04-09,Colorado,8,6202,227,CO
2055,2020-04-09,Connecticut,9,9784,380,CT
2056,2020-04-09,Delaware,10,1209,23,DE
2057,2020-04-09,District of Columbia,11,1523,32,DC
2058,2020-04-09,Florida,12,16819,370,FL
2059,2020-04-09,Georgia,13,10885,412,GA
2061,2020-04-09,Hawaii,15,440,6,HI
2062,2020-04-09,Idaho,16,1366,24,ID
2063,2020-04-09,Illinois,17,16422,534,IL
2064,2020-04-09,Indiana,18,6400,295,IN
2065,2020-04-09,Iowa,19,1270,27,IA
2066,2020-04-09,Kansas,20,1116,42,KS
2067,2020-04-09,Kentucky,21,1525,84,KY
2068,2020-04-09,Louisiana,22,18283,702,LA
2069,2020-04-09,Maine,23,560,16,ME
2070,2020-04-09,Maryland,24,6185,139,MD
2071,2020-04-09,Massachusetts,25,18941,503,MA
2072,2020-04-09,Michigan,26,21375,1076,MI
2073,2020-04-09,Minnesota,27,1242,50,MN
2074,2020-04-09,Mississippi,28,2260,76,MS
2075,2020-04-09,Missouri,29,3539,94,MO
2076,2020-04-09,Montana,30,354,6,MT
2077,2020-04-09,Nebraska,31,594,15,NE
2078,2020-04-09,Nevada,32,2456,82,NV
2079,2020-04-09,New Hampshire,33,819,21,NH
2080,2020-04-09,New Jersey,34,51027,1700,NJ
2081,2020-04-09,New Mexico,35,989,17,NM
2082,2020-04-09,New York,36,162036,9166,NY
2083,2020-04-09,North Carolina,37,3651,74,NC
2084,2020-04-09,North Dakota,38,269,5,ND
2086,2020-04-09,Ohio,39,5513,213,OH
2087,2020-04-09,Oklahoma,40,1683,80,OK
2088,2020-04-09,Oregon,41,1321,44,OR
2089,2020-04-09,Pennsylvania,42,18379,344,PA
2091,2020-04-09,Rhode Island,44,1727,43,RI